kp_code,job_title
1110,Голова Верховної Ради Автономної Республіки Крим
1110,Голова Верховної Ради України
1110,Голова постійної комісії Верховної Ради України
1110,Заступник голови Верховної Ради України
1110,Заступник голови постійної комісії Верховної Ради України
1110,Народний депутат Автономної Республіки Крим
1110,Народний депутат України
1110,Перший заступник голови Верховної Ради України
1110,Президент України
1120.1,Віце-прем'єр-міністр України
1120.1,Голова Державної пенітенціарної служби України
1120.1,Голова Державної служби автомобільних доріг України
1120.1,Голова Національного банку України
1120.1,Голова Національної поліції
1120.1,Голова Національної ради
1120.1,Голова Ради міністрів Автономної Республіки Крим
1120.1,Голова Служби безпеки України
1120.1,Голова Фонду державного майна України
1120.1,Голова агентства
1120.1,Голова державного комітету України
1120.1,Голова комітету України
1120.1,Голова правління Пенсійного фонду України
1120.1,Голова служби
1120.1,Голова інспекції
1120.1,Головний державний інспектор України з нагляду у сфері цивільного захисту
1120.1,Державний секретар
1120.1,Державний секретар України
1120.1,Директор Національного антикорупційного бюро України
1120.1,Заступник голови Національного банку України
1120.1,Заступник голови Національної поліції
1120.1,Заступник голови Національної ради
1120.1,Заступник голови Ради міністрів Автономної Республіки Крим
1120.1,Заступник голови Служби безпеки України
1120.1,Заступник голови Фонду державного майна України
1120.1,Заступник голови державного комітету України
1120.1,Заступник голови комітету України
1120.1,"Заступник керівника головного управління, іншого органу державної виконавчої влади, підвідомчого Кабінету Міністрів України"
1120.1,Заступник міністра України
1120.1,Керуючий справами Ради міністрів Автономної Республіки Крим
1120.1,Керівник Апарату Офісу Президента України
1120.1,Керівник Офісу Президента України
1120.1,Керівник відомства Автономної Республіки Крим
1120.1,"Керівник головного управління, іншого органу державної виконавчої влади, підвідомчого Кабінету Міністрів України"
1120.1,Керівник урядового органу державного управління
1120.1,Міністр Автономної Республіки Крим
1120.1,Міністр Кабінету Міністрів України
1120.1,Міністр України
1120.1,Перший віце-прем'єр-міністр України
1120.1,Перший заступник голови Національного банку України
1120.1,Перший заступник голови Національної поліції
1120.1,Перший заступник голови Національної ради
1120.1,Перший заступник голови Ради міністрів Автономної Республіки Крим
1120.1,Перший заступник голови Служби безпеки України
1120.1,Перший заступник голови Фонду державного майна України
1120.1,Перший заступник голови державного комітету України
1120.1,Перший заступник голови комітету України
1120.1,"Перший заступник керівника головного управління, іншого органу державної виконавчої влади, підвідомчого Кабінету Міністрів України"
1120.1,Перший заступник міністра України
1120.1,Прем'єр-міністр України
1120.1,Уповноважений Президента України з прав дитини
1120.1,Уповноважений з прав людини
1120.1,Уповноважений із захисту державної мови
1120.1,Урядовий уповноважений
1120.1,Урядовий уповноважений з прав осіб з інвалідністю
1120.2,Голова обласної (міської) державної адміністрації
1120.2,Голова районної державної адміністрації
1120.3,Посол
1120.3,Посол з особливих доручень
1120.3,Представник Міністерства закордонних справ - керівник дипломатичного агентства
1120.3,Представник постійний
1120.3,Спеціальний представник України з питань придністровського врегулювання
1120.4,Генеральний прокурор України
1120.4,Голова Апеляційного адміністративного суду
1120.4,Голова Апеляційного господарського суду
1120.4,Голова Апеляційного суду України
1120.4,Голова Верховного суду
1120.4,Голова Вищого адміністративного суду України
1120.4,Голова Вищого господарського суду України
1120.4,Голова Вищого спеціалізованого суду України з розгляду цивільних і кримінальних справ
1120.4,Голова Державної судової адміністрації України
1120.4,Голова Конституційного Суду України
1120.4,Голова касаційного суду у складі Верховного Суду
1120.4,Заступник Генерального прокурора України
1120.4,Заступник голови Апеляційного суду України
1120.4,Заступник голови Верховного суду
1120.4,Заступник голови Вищого господарського суду України
1120.4,Заступник голови касаційного суду у складі Верховного Суду
1120.4,Заступник голови судової палати Апеляційного суду України
1120.4,Заступник голови судової палати Вищого адміністративного суду України
1120.4,Заступник голови судової палати Вищого господарського суду України
1120.4,Керівник апарату Верховного Суду
1120.4,Перший заступник Генерального прокурора України
1120.4,Перший заступник голови Апеляційного суду України
1120.4,Перший заступник голови Верховного суду
1120.4,Перший заступник голови Вищого господарського суду України
1120.4,Секретар Великої Палати Верховного Суду
1120.4,Секретар Пленуму Верховного Суду
1120.4,Секретар судової палати касаційного суду у складі Верховного Суду
1120.4,Суддя Верховного суду
1120.4,Член Конституційного Суду України
1141.1,"Вища посадова особа (голова, генеральний секретар, секретар, президент, лідер, керівник та ін.) політичної партії"
1142.1,"Вища посадова особа (голова, співголова, генеральний секретар, секретар) організації наймачів (підприємців, промисловців)"
1142.1,"Вища посадова особа (голова, співголова, президент, віце-президент, генеральний секретар, секретар) професійної спілки"
1143.1,"Академік-секретар національної академії (наук, мистецтв і т. ін.) України"
1143.1,"Віце-президент національної академії (наук, мистецтв і т. ін.) України"
1143.1,"Головний учений секретар президії національної академії (наук, мистецтв і т. ін.) України"
1143.1,Керівник апарату
1143.1,"Президент національної академії (наук, мистецтв і т. ін.) України"
1143.1,"Член президії академії (наук, мистецтв і т. ін.) України"
1143.2,Вища посадова особа самоврядувальної організації (крім національних академій України)
1143.2,Голова Аудиторської палати України
1143.3,Академік-секретар
1143.3,"Вища посадова особа (президент, віце-президент, головний учений секретар та ін.) академії, що діє на громадських засадах"
1143.4,Виконавчий директор федерації виду спорту
1143.4,"Вища посадова особа громадської організації (у галузі культури, освіти, благодійності, прав людини та ін.)"
1143.4,Віце-президент федерації виду спорту
1143.4,Генеральний секретар федерації з виду спорту
1143.4,"Голова (інша вища посадова особа) відділення громадської організації (гуманітарної, спеціалізованої)"
1143.4,Голова відділення (інша вища посадова особа) спеціалізованого фонду некомерційного характеру
1143.4,Державний тренер з виду спорту (збірної)
1143.4,Керівник органу самоорганізації населення
1143.4,Президент (інша вища посадова особа) спеціалізованого фонду некомерційного характеру
1143.4,Президент федерації виду спорту
1143.5,"Голова органу місцевого самоврядування (міський, сільський і т. ін.)"
1143.5,"Секретар місцевої ради (сільської, селищної, міської і т. ін.)"
1144.1,"Голова об’єднання (предстоятель, патріарх, верховний архієпископ, митрополит, головний рабин, верховний муфтій, старший єпископ, старший пресвітер і т. ін.)"
1144.2,"Керівник територіального об’єднання (архієпископ, митрополит, рабин, муфтій, єпископ, шейх і т. ін.)"
1144.3,"Голова релігійної громади (настоятель, намісник, ігумен, парох, адміністратор, пастор, пресвітер, рабин, імам і т. ін.)"
1210.1,Арбітражний керуючий
1210.1,"Генеральний директор (голова, президент, інший керівник) об'єднання підприємств (асоціації, корпорації, концерну, радіокомпанії, телекомпанії, телерадіокомпанії, телерадіо-, інформаційного агентства і т. ін.)"
1210.1,Генеральний директор – керівник Національного органу інтелектуальної власності
1210.1,Генеральний конструктор
1210.1,Голова Рахункової палати України
1210.1,Голова Центральної виборчої комісії
1210.1,Голова виконавчого органу акціонерного товариства
1210.1,Голова клубу(спортивного)
1210.1,Голова колективного господарства
1210.1,Голова ліквідаційної комісії
1210.1,Голова правління
1210.1,Голова ради директорів
1210.1,Голова ради директорів біржі
1210.1,Голова спостережної (наглядової) ради
1210.1,Голова товариства
1210.1,"Головний редактор газети, журналу"
1210.1,"Директор (генеральний директор, начальник, інший керівник) наукової установи (організації)"
1210.1,"Директор (начальник) організації (дослідної, конструкторської, проектної)"
1210.1,"Директор (начальник, завідувач, інший керівник) філіалу (філії)"
1210.1,"Директор (начальник, інший керівник) підприємства"
1210.1,"Директор (інший керівник) підприємства, установи, організації фізкультурно-спортивної спрямованості"
1210.1,Директор видавництва
1210.1,Директор виконавчий
1210.1,Директор відділення
1210.1,Директор державного архіву
1210.1,Директор книжкової палати
1210.1,"Директор комплексу (оздоровчого, спортивного, туристського)"
1210.1,Директор лабораторії
1210.1,Директор навчально-курсового комбінату
1210.1,Директор навчального (навчально-тренувального) центру
1210.1,Директор навчального пункту
1210.1,"Директор об'єднання (творчого, творчо-виробничого, радіотелевізійного і т. ін.)"
1210.1,Директор обсерваторії
1210.1,Директор обчислювального (інформаційно-обчислювального) центру
1210.1,Директор пансіонату (кемпінгу)
1210.1,Директор представництва
1210.1,"Директор підприємства установи виконання покарань - заступник керівника (директора, начальника т. ін.) установи виконання покарань"
1210.1,Директор театру - художній керівник (генеральний директор театру - художній керівник)
1210.1,"Директор установи (підприємства, організації) культури (кінотеатру, кіновідеопрокату, кіностудії та ін.)"
1210.1,"Директор центру (метрології та стандартизації, телевізійного і т. ін.)"
1210.1,Директор центру професійної орієнтації молоді
1210.1,Завідувач аптеки (аптечного закладу)
1210.1,Завідувач бази аптечної
1210.1,"Керуючий (директор, інший керівник) комерційним банком"
1210.1,"Керуючий (директор, інший керівник) установою (підрозділом) Національного банку України"
1210.1,Керуючий (тимчасової адміністрації) для управління енергопостачальником
1210.1,Керуючий готельним господарством
1210.1,Керуючий підприємством харчування
1210.1,Керуючий трестом
1210.1,Керівник (директор) закладу дошкільної освіти
1210.1,Керівник (директор) закладу загальної середньої освіти
1210.1,Керівник (директор) закладу позашкільної освіти
1210.1,Керівник (директор) міжшкільного ресурсного центру
1210.1,Керівник (директор) установи (закладу) соціального захисту населення
1210.1,Керівник (директор) центру професійного розвитку
1210.1,Керівник (директор) інклюзивно-ресурсного центру
1210.1,"Керівник (директор, начальник тощо) закладу фахової передвищої освіти"
1210.1,"Керівник (директор, начальник і т. ін.) установи виконання покарань"
1210.1,"Керівник (директор, начальник) закладу професійної (професійно-технічної) освіти"
1210.1,"Керівник (директор, начальник) закладу спеціалізованої освіти"
1210.1,"Керівник (ректор, директор, начальник) закладу післядипломної освіти"
1210.1,"Керівник (ректор, президент, директор, начальник) закладу вищої освіти"
1210.1,"Керівник підприємства (установи, організації) (сфера захисту інформації)"
1210.1,"Керівник підприємства (установи, організації) охорони здоров'я (генеральний директор, директор, головний лікар та ін.)"
1210.1,"Керівник підрозділу юридичної особи, що здійснює діяльність з управління активами"
1210.1,Куратор банку
1210.1,Медичний директор
1210.1,Начальник (завідувач) лікувально-профілактичного закладу
1210.1,"Начальник агентства (повітряних сполучень, морського, рекламно-інформаційного, транспортно-експедиційного та ін.)"
1210.1,Начальник в'язниці
1210.1,Начальник державної воєнізованої гірничорятувальної служби
1210.1,Начальник дослідної організації
1210.1,Начальник експедиції гідрогеолого-меліоративної
1210.1,Начальник залізниці
1210.1,Начальник каналу
1210.1,Начальник курсів підвищення кваліфікації
1210.1,Начальник метрополітену
1210.1,Начальник навчального (навчально-тренувального) центру
1210.1,Начальник обчислювального (інформаційно-обчислювального) центру
1210.1,Начальник пароплавства
1210.1,Начальник управління
1210.1,Начальник училища
1210.1,"Начальник частини (воєнізованої, газо- та гірничорятувальної, льотної, пожежної)"
1210.1,"Начальник школи (вищої льотної підготовки, морехідної, начальницького складу, технічної)"
1210.1,Начальник штабу (головного штабу) оперативно-рятувальної служби цивільного захисту
1210.1,Начальник штабу пожежогасіння
1210.1,"Президент (голова правління, інший керівник) спілки, асоціації чи іншого об'єднання комерційних банків"
1210.1,Президент компанії
1210.1,Проректор закладу вищої освіти
1210.1,Тимчасовий адміністратор
1221.1,Головний агролісомеліоратор
1221.1,Головний агроном
1221.1,Головний агроном із захисту рослин
1221.1,Головний агрохімік
1221.1,Головний лісничий
1221.1,Головний лісопатолог
1221.1,Головний природознавець
1221.1,Головний фахівець із систем створення спеціального клімату
1221.1,Начальник нижнього складу
1221.2,Виконавець робіт (водне господарство)
1221.2,Головний механік (механізація меліоративних робіт)
1221.2,Головний інженер (експлуатаційні водогосподарські організації)
1221.2,Головний інженер з лісовпорядкування
1221.2,"Завідувач ветеринарної клініки (лікарні, поліклініки)"
1221.2,"Завідувач господарства (лісового, лісомисливського, мисливського, ставового, рибоводного)"
1221.2,Завідувач господарства підсобного сільського
1221.2,"Завідувач двору (кінного, машинного)"
1221.2,Завідувач дільниці ветеринарної медицини
1221.2,Завідувач дільниці сортовипробувальної
1221.2,Завідувач кабінету (агрохімічного)
1221.2,Завідувач майстерні
1221.2,Завідувач майстерні ремонтно-механічної (експлуатаційні водогосподарські організації)
1221.2,Завідувач оранжереї
1221.2,"Завідувач поля (знешкоджування та компостування, дослідного)"
1221.2,Завідувач підсобного виробництва
1221.2,Завідувач розсадника (розплідника)
1221.2,Завідувач скотобази
1221.2,Завідувач станції захисту рослин
1221.2,Завідувач станції насінницької
1221.2,Керуючий відділенням
1221.2,Керуючий дільницею (сільськогосподарською)
1221.2,Керуючий фермою
1221.2,Лісничий
1221.2,Майстер з добування риби
1221.2,Майстер з оброблення риби
1221.2,Майстер з охорони природи
1221.2,Майстер зеленого господарства
1221.2,"Майстер станції пожежної (природоохоронної, лісової)"
1221.2,"Начальник (директор, завідувач та ін.) лікарні (клініки) ветеринарної медицини"
1221.2,Начальник (завідувач) лабораторії моніторингу вод та ґрунтів (водне господарство)
1221.2,Начальник випробувальної станції
1221.2,Начальник відділення
1221.2,Начальник відділення каналу (водне господарство)
1221.2,Начальник відділу
1221.2,Начальник відділу підсобного сільського господарства
1221.2,Начальник гідровузла (водне господарство)
1221.2,Начальник дільниці (водне господарство)
1221.2,Начальник дільниці (мисливської)
1221.2,Начальник лісорозсадника
1221.2,Начальник партії лісовпорядної
1221.2,Начальник проектно-кошторисного бюро (групи)
1221.2,Начальник сектору
1221.2,Начальник скотопрогінного тракту
1221.2,Начальник станції компресорної
1221.2,Начальник станції насосної
1221.2,"Начальник станції пожежної (природоохоронної, лісової)"
1221.2,Начальник цеху
1221.2,Помічник лісничого
1222.1,Головний диспетчер (промисловість)
1222.1,Головний енергетик
1222.1,Головний енергодиспетчер
1222.1,Головний коваль
1222.1,Головний ливарник
1222.1,Головний механік
1222.1,Головний терміст
1222.1,Головний фахівець з ядерної безпеки атомної електростанції
1222.1,Головний інженер (промисловість)
1222.1,Директор з виробництва
1222.1,Начальник зміни атомної електростанції
1222.1,Начальник зміни енергоблока (черги) атомної електростанції
1222.1,Начальник зміни цеху атомної електростанції
1222.1,Начальник реакторного цеху
1222.1,Начальник служби атомної електростанції
1222.1,Начальник управління
1222.1,Помічник капітан-директора з видобутку
1222.1,Помічник капітан-директора з виробництва
1222.1,Технічний керівник
1222.1,Технічний керівник геологічної партії
1222.1,Технічний керівник лісобіржі
1222.2,Завідувач геокамери
1222.2,Завідувач глиногосподарства
1222.2,Завідувач гірничих робіт
1222.2,Завідувач експедиції
1222.2,Завідувач майстерні
1222.2,Завідувач очисних споруд
1222.2,Завідувач складу вибухових матеріалів
1222.2,Завідувач станції канатно-випробувальної
1222.2,Завідувач станції охолодження
1222.2,"Завідувач фонду (дорогоцінних металів, довідково-інформаційного)"
1222.2,Керівник групи з буропідривних робіт
1222.2,Керівник групи з нагляду за будівництвом флоту
1222.2,Командир взводу
1222.2,Командир відділення
1222.2,Командир допоміжної гірничорятувальної команди
1222.2,Командир загону
1222.2,Командир частини
1222.2,Майстер
1222.2,Майстер автомобільної газонаповнювальної станції
1222.2,Майстер буровий
1222.2,Майстер буровий глибокого (структурно-розвідувального) буріння
1222.2,"Майстер буровий дільниці (служби, цеху)"
1222.2,Майстер буровий на підземних роботах
1222.2,Майстер буровий свердловин
1222.2,Майстер біолокацій
1222.2,Майстер виробництва
1222.2,Майстер виробничої дільниці
1222.2,Майстер виробничої лабораторії
1222.2,Майстер виробничої служби
1222.2,Майстер газонаповнювальної станції
1222.2,Майстер гірничий
1222.2,Майстер гірничий дренажної шахти
1222.2,Майстер гірничий дільниці
1222.2,Майстер гірничий на поверхні
1222.2,Майстер гірничий підземної дільниці
1222.2,Майстер допоміжної дільниці
1222.2,Майстер дослідної установки
1222.2,Майстер дільниці
1222.2,Майстер дільниці з дефектоскопії
1222.2,Майстер дільниці поводження з радіоактивними відходами
1222.2,Майстер дільниці приймально-здавальної
1222.2,Майстер з випробування свердловин
1222.2,"Майстер з добування нафти, газу та конденсату"
1222.2,Майстер з дослідження свердловин
1222.2,Майстер з експлуатації лінійної частини трубопроводів
1222.2,Майстер з експлуатації та ремонту машин і механізмів
1222.2,Майстер з експлуатації устаткування газових об'єктів
1222.2,Майстер з електрохімічного захисту
1222.2,Майстер з комплексної автоматизації та телемеханіки
1222.2,Майстер з освоєння та ремонту нагнітальних свердловин
1222.2,Майстер з промислової геофізики
1222.2,Майстер з підготовки газу
1222.2,Майстер з підготовки та стабілізації нафти
1222.2,Майстер з ремонту
1222.2,Майстер з ремонту балонів газонаповнювальної станції
1222.2,Майстер з ремонту гідроспоруд
1222.2,Майстер з ремонту експедиційного устаткування та спорядження
1222.2,Майстер з ремонту металургійних печей
1222.2,Майстер з ремонту приладів та апаратури
1222.2,"Майстер з ремонту свердловин (капітального, підземного)"
1222.2,Майстер з ремонту технологічного устаткування
1222.2,Майстер з ремонту транспорту
1222.2,Майстер з ремонту устаткування (промисловість)
1222.2,"Майстер з ремонту, налагодження, перевірки та пуску устаткування атомних станцій"
1222.2,Майстер зміни
1222.2,Майстер конверторного виробництва
1222.2,"Майстер контрольний (дільниці, цеху)"
1222.2,Майстер майданчика наливних естакад
1222.2,Майстер майстерні спеціальної техніки та устаткування (промисловість)
1222.2,Майстер на підземних роботах з проходки гірничих виробок
1222.2,Майстер опорного аварійно-відновного пункту
1222.2,Майстер основної виробничої дільниці
1222.2,Майстер перетворювального комплексу
1222.2,Майстер підземної дільниці (на підземних роботах)
1222.2,Майстер резервуарного парку
1222.2,Майстер служби (промисловість)
1222.2,Майстер цеху
1222.2,Майстер цеху газонаповнювальної станції
1222.2,Майстер із складних робіт у бурінні (капітальному ремонті) свердловин
1222.2,Начальник (завідувач) виробничої лабораторії
1222.2,Начальник (завідувач) хімічної лабораторії
1222.2,Начальник аварійно-диспетчерської служби
1222.2,Начальник автомобільної газонаповнювальної станції
1222.2,Начальник бригади
1222.2,Начальник бюро (промисловість)
1222.2,"Начальник біржі (лісової, пиломатеріалів)"
1222.2,Начальник випробувальної станції
1222.2,Начальник виробництва
1222.2,Начальник виробництва ремонтних та налагоджувальних робіт на атомних станціях
1222.2,Начальник виробничо-диспетчерського бюро цеху
1222.2,Начальник виробничого відділу
1222.2,Начальник водоводу
1222.2,Начальник водосховища
1222.2,Начальник відділення
1222.2,Начальник відділення енергонагляду
1222.2,Начальник відділення льотних випробувань
1222.2,Начальник відділу технічного контролю
1222.2,Начальник відділу фізичного захисту (сфера використання ядерної енергії)
1222.2,Начальник газонаповнювальної станції
1222.2,Начальник господарства реагентного
1222.2,"Начальник групи (картографічної, знижувальних підстанцій, суден, тематичної, територіальної та ін.)"
1222.2,Начальник гідровузла
1222.2,Начальник диспетчерської (виробничо-диспетчерської) служби
1222.2,Начальник драги
1222.2,Начальник друкарні
1222.2,Начальник дільниці
1222.2,"Начальник експедиції (геологічної, геологорозвідувальної, дослідної, промислової, топографо-геодезичної та ін.)"
1222.2,Начальник електропідстанції (групи електропідстанцій)
1222.2,Начальник енергоінспекції
1222.2,Начальник естакади реагентного господарства
1222.2,"Начальник загону (бурового, гідрографічного, дослідного, експедиційно-рятувального та ін.)"
1222.2,Начальник заплаву
1222.2,Начальник зміни (промисловість)
1222.2,Начальник зміни з оперативного управління в транспортуванні газу
1222.2,"Начальник комплексу (автоматизованого вантажного, апаратно-студійного, виробничого перевантажувального, технологічного, льотного забезпечення та ін.)"
1222.2,Начальник компресорної станції
1222.2,Начальник котельні
1222.2,Начальник лабораторії з контролю виробництва
1222.2,Начальник лабораторії контрольно-вимірювальних приладів та засобів автоматики
1222.2,Начальник лабораторії метрології
1222.2,Начальник льотно-випробувальнбї і доводочної бази
1222.2,Начальник лісопункту
1222.2,Начальник майданчика трубно-інструментального в капітальному ремонті свердловин
1222.2,Начальник майданчика інструментально-ремонтного цеху бурового устаткування
1222.2,Начальник механізованого зерносховища
1222.2,Начальник млина
1222.2,Начальник нафтогазорозвідки (партії) глибокого (структурно-пошукового) буріння
1222.2,Начальник опорного аварійно-відновного пункту
1222.2,Начальник очисних споруд
1222.2,"Начальник позиції (стартової, технічної)"
1222.2,Начальник проектно-конструкторського відділу
1222.2,Начальник підсобних виробництв на шахтовій поверхні
1222.2,"Начальник району (нафтоналивного, мережевого та ін.)"
1222.2,Начальник ремонтного цеху
1222.2,"Начальник розвідки (нафтогазової, промислової)"
1222.2,Начальник служби (промисловість)
1222.2,Начальник служби фізичного захисту (сфера використання ядерної енергії)
1222.2,Начальник сплавного рейду
1222.2,Начальник стаціонарної платформи (у розвідувальному та експлуатаційному бурінні)
1222.2,Начальник стенду
1222.2,Начальник сушильно-очисної башти
1222.2,Начальник тоні
1222.2,"Начальник установки (бурової, газобензинової, кисневої, збагачувальної, регенераційної та ін.)"
1222.2,Начальник цеху
1222.2,Начальник цеху радіаційної безпеки
1222.2,Начальник інструментального відділу
1222.2,"Технологічний керівник (лісопункту, лісопромислового комплексу, цеху, нижнього складу, лісозаготівельної дільниці)"
1223.1,"Головний будівельник (домобудівного, сільського будівельного комбінату)"
1223.1,Головний інженер
1223.1,Директор з капітального будівництва
1223.2,Виконавець днопоглиблювальних робіт
1223.2,Виконавець капітальних виправних та колійних робіт
1223.2,Виконавець робіт
1223.2,Виконавець робіт вишкобудування
1223.2,Виконавець робіт з ремонту та налагодження енергетичного устаткування
1223.2,"Командир землесоса, земснаряда, дноочищувального снаряда"
1223.2,Командир земснаряда (землесоса) - помічник механіка (суднового)
1223.2,Майстер будівельних та монтажних робіт
1223.2,Майстер гірничий проходки шахти
1223.2,Начальник відділу
1223.2,Начальник господарства житлово-комунального
1223.2,Начальник дільниці
1223.2,Начальник лабораторії з контролю виробництва
1223.2,Начальник проходки шахти
1223.2,Начальник пускових робіт
1224,Завідувач підприємства роздрібної торгівлі
1224,Завідувач ринку
1224,Завідувач секції
1224,Керівник торговельно-економічної місії
1225,Завідувач будинку відпочинку локомотивних (поїзних) бригад
1225,Завідувач виробництва
1225,Завідувач гуртожитку
1225,Завідувач корпусу готелю
1225,"Завідувач кімнати (матері та дитини, зразків, відпочинку водіїв автомобілів, відпочинку пасажирів в аеропорту, на вокзалі)"
1225,Завідувач поверху готелю
1225,Завідувач підприємства громадського харчування
1225,Завідувач туристичного агентства
1225,Завідувач філіалу (філії) готелю
1225,Начальник (керуючий) їдальні
1225,Начальник виробництва (на підприємстві харчування)
1226.1,Головний директор програм
1226.1,"Головний диспетчер (транспорт, складське господарство)"
1226.1,Головний звукорежисер
1226.1,Головний капітан
1226.1,Головний капітан-координатор
1226.1,Головний механік підводного апарата
1226.1,Головний механік судна
1226.1,Головний ревізор з безпеки руху
1226.1,Головний фахівець (залізничний транспорт)
1226.1,Головний штурман
1226.1,Головний інженер (на транспорті)
1226.1,Головний інженер з експлуатації радіоелектронних засобів
1226.1,Директор Державного реєстру документів моряків
1226.1,Директор з матеріально-технічного постачання
1226.1,Директор з транспорту
1226.1,Капітан-директор
1226.1,Керівник регіонального структурного підрозділу
1226.1,"Начальник порту (морського, річкового, рибного та ін.)"
1226.2,Завідувач бази перевалочної
1226.2,"Завідувач бюро (квиткового, з розшуку вантажу та багажу та ін.)"
1226.2,Завідувач двору (вантажного)
1226.2,Завідувач камери схову (ручного багажу)
1226.2,Завідувач контейнерного майданчика
1226.2,"Завідувач платформи (пасажирської, сортувальної)"
1226.2,Завідувач районного (міського) профконсультаційного пункту
1226.2,Завідувач складу
1226.2,Завідувач станції зливної
1226.2,Завідувач сховища
1226.2,Завідувач центрального складу
1226.2,Капітан
1226.2,Капітан - помічник механіка (суднового)
1226.2,Капітан порту (морського)
1226.2,Капітан-механік судновий
1226.2,Керівник польотів
1226.2,Керівник структурного підрозділу (сфера захисту інформації)
1226.2,Командир (начальник) експлуатаційного об'єднання цивільної авіації
1226.2,Командир авіаційного загону
1226.2,Командир авіаційної ескадрильї
1226.2,"Командир авіаційної ескадрильї, об'єднаної з аеропортом"
1226.2,Командир об'єднаного авіаційного загону
1226.2,Комендант аеродрому
1226.2,Комендант аеропорту
1226.2,Комендант дельтадрому
1226.2,"Майстер аварійно-рятувальних, суднопідіймальних, підводно-технічних та інших спеціальних робіт"
1226.2,Майстер бази технічного обслуговування флоту
1226.2,Майстер вагонного депо
1226.2,Майстер вантажного району
1226.2,Майстер виправних та колійних робіт
1226.2,Майстер водолазних робіт
1226.2,"Майстер дистанції (цивільних споруд, електропостачання та ін.)"
1226.2,Майстер електродепо
1226.2,Майстер електрорадіонавігаційної камери
1226.2,"Майстер з ремонту устаткування (транспорт, складське господарство, зв'язок)"
1226.2,Майстер локомотивного депо
1226.2,"Майстер майстерні спеціальної техніки та устаткування (транспорт, зв'язок)"
1226.2,Майстер мостовий
1226.2,Майстер навантажувально-розвантажувальних робіт
1226.2,Майстер надувних рятувальних засобів
1226.2,Майстер об'єднаних майстерень метрополітену
1226.2,"Майстер парку (понтонного, такелажного)"
1226.2,Майстер портових майстерень
1226.2,"Майстер поїзда (відновного, рейкозварювального)"
1226.2,"Майстер промивально-пропарювальної станції (поїзда, пункту)"
1226.2,Майстер ремонтно-відстійного пункту
1226.2,"Майстер служби (транспорт, зв'язок)"
1226.2,Майстер станції з огляду надувних рятувальних засобів та контрольно-вимірювальних приладів
1226.2,Майстер тунельний
1226.2,Майстер шляховий
1226.2,Начальник (завідувач) навчального полігону
1226.2,Начальник Украероцентру
1226.2,Начальник аеропорту (на правах підрозділу)
1226.2,"Начальник бази (виробничого обслуговування, резерву, здавальної та ін.)"
1226.2,"Начальник вагона (динамометричного, поштового, колієобстежувального та ін.)"
1226.2,Начальник вахти лоцманської
1226.2,Начальник вахти шлюзу
1226.2,Начальник вокзалу
1226.2,Начальник відділення (сфера захисту інформації)
1226.2,Начальник відділення зв'язку
1226.2,Начальник відділення каналу
1226.2,Начальник відділу (авіаційний транспорт)
1226.2,Начальник відділу (гідрографічні та навігаційні роботи)
1226.2,Начальник відділу (на транспорті)
1226.2,Начальник відділу електрозв'язку
1226.2,Начальник відділу з ліквідації розливів нафти та нафтопродуктів у морі
1226.2,Начальник відділу об'єктивного контролю
1226.2,Начальник відділу організації безпеки дорожнього руху
1226.2,Начальник відділу поштового зв'язку
1226.2,Начальник відділу транспорту
1226.2,Начальник відновного поїзда
1226.2,Начальник гаража
1226.2,Начальник господарства складського
1226.2,Начальник дирекції залізничних перевезень
1226.2,Начальник диспетчерських пунктів району аеродрому та зони зльоту і посадки
1226.2,Начальник дистанції
1226.2,Начальник доку (докмейстер)
1226.2,"Начальник дороги (лісовозної, підвісної канатної та ін.)"
1226.2,Начальник дільниці
1226.2,Начальник дільниці зберігання (сфера матеріального резерву)
1226.2,Начальник залізнично-будівельної машини
1226.2,"Начальник зміни (транспорт, складське господарство, зв'язок)"
1226.2,"Начальник камери (навігаційної, електрорадіонавігаційної та ін.)"
1226.2,"Начальник каси (квиткової на вокзалі, головної, міської квиткової)"
1226.2,"Начальник колони (автомобільної, механізованої)"
1226.2,Начальник колійного поста
1226.2,Начальник колійної машини
1226.2,"Начальник контори (вантажної, транспортно-складської та ін.)"
1226.2,Начальник льодозаводу
1226.2,"Начальник льотно-випробувального підрозділу (бази, комплексу, станції, центру)"
1226.2,Начальник майстерні
1226.2,Начальник маршруту міського транспорту
1226.2,Начальник маяка
1226.2,Начальник морського шляхового поста
1226.2,Начальник наливної естакади
1226.2,Начальник об'єктів радіотехнічного забезпечення та зв'язку
1226.2,"Начальник парку (понтонного, резервуарного та ін.)"
1226.2,Начальник перевантажувального комплексу
1226.2,Начальник пожежного катера
1226.2,Начальник полігону (швидкісного)
1226.2,Начальник портового нагляду
1226.2,Начальник постачання
1226.2,Начальник поштамту
1226.2,"Начальник поїзда (пасажирського, рефрижераторного, комбінованого транспорту і т. ін.)"
1226.2,Начальник пристані
1226.2,Начальник причалу
1226.2,Начальник промірної партії
1226.2,"Начальник пункту (заготівельного, навантажувально-розвантажувального, портового, рибоприймального, суднового, навчально-тренувального та ін.)"
1226.2,Начальник радіостанції
1226.2,Начальник радіотелевізійної передавальної станції
1226.2,Начальник району (вантажного)
1226.2,Начальник резерву локомотивних бригад
1226.2,Начальник резерву провідників пасажирських вагонів
1226.2,Начальник роз'їзду (зупинкового пункту)
1226.2,Начальник складу (вантажного)
1226.2,Начальник служби (транспорт)
1226.2,"Начальник сортувальної гірки (автоматизованої, механізованої)"
1226.2,Начальник станції залізничної
1226.2,Начальник станції метрополітену
1226.2,Начальник структурного підрозділу (відокремленого)
1226.2,Начальник тягової підстанції
1226.2,Начальник установки сміттєспалювальної пересувної
1226.2,Начальник флоту (портового)
1226.2,"Начальник центру (підцентру) (головного авіаметеорологічного, радіо-, управління повітряним рухом, навчально-авіаційного, електрозв'язку, рятувально-координаційного, рятувального та ін.)"
1226.2,Начальник центру комутації повідомлень
1226.2,Начальник центру управління повітряним рухом
1226.2,Начальник цеху (дільниці) електрозв'язку
1226.2,Начальник шлюзу
1226.2,Начальник штабу льотного загону
1226.2,Начальник штабу об'єднаного авіазагону
1227,Головний адміністратор (на комерційних підприємствах)
1227,"Завідувач комори (ломбарду, цінностей)"
1227,Завідувач ломбарду
1228,Завідувач ательє
1228,Завідувач бази білизняної
1228,Завідувач будинку побуту (моди)
1228,Завідувач душової
1228,Завідувач звалища
1228,Завідувач кладовища
1228,Завідувач колумбарію
1228,Завідувач контори (похоронного обслуговування та ін.)
1228,Завідувач крематорію
1228,"Завідувач кухні (для тварин, молочної)"
1228,Завідувач лазні
1228,Завідувач перукарні
1228,Завідувач пляжу
1228,Завідувач пральні
1228,Завідувач станції човнової
1228,Завідувач фотоательє
1228,Завідувач фотографії
1228,Завідувач фотолабораторії
1228,Завідувач фотостудії
1229.1,Виконавчий директор Фонду
1229.1,Відповідальний секретар
1229.1,Генеральний директор директорату
1229.1,Головний архітектор (органи державної влади)
1229.1,Головний державний аудитор
1229.1,Головний державний виконавець
1229.1,Головний державний податковий ревізор-інспектор
1229.1,Головний державний реєстратор суден
1229.1,Головний державний інженер-інспектор
1229.1,Головний державний інспектор
1229.1,Головний державний інспектор України з контролю якості лікарських засобів
1229.1,Головний державний інспектор з охорони прав на сорти рослин
1229.1,Головний державний інспектор з рибоохорони
1229.1,Головний казначей
1229.1,Головний інспектор
1229.1,Головний інспектор державного контролю
1229.1,Головний інспектор з контролю за цінами
1229.1,Державний уповноважений (органи державної влади)
1229.1,Директор (начальник) департаменту
1229.1,Директор Фонду
1229.1,Директор департаменту біржових операцій та електронного забезпечення
1229.1,Директор департаменту організації роботи органів управління фондової біржі
1229.1,Директор закладу експертизи державної системи з охорони прав на сорти рослин
1229.1,Завідувач (начальник) сектору
1229.1,Завідувач (начальник) сектору (самостійного)
1229.1,Завідувач відділу (самостійного)
1229.1,Завідувач відділу (у складі управління)
1229.1,Завідувач відділу (центральні органи державної влади)
1229.1,Завідувач групи
1229.1,Завідувач канцелярії
1229.1,Завідувач секретаріату заступника Голови Ради міністрів Автономної Республіки Крим
1229.1,Заступник директора департаменту - начальник відділу
1229.1,Заступник начальника управління (самостійного) - начальник відділу
1229.1,Керуючий справами
1229.1,Керівник Координаційного центру
1229.1,Керівник апарату
1229.1,Керівник головного управління
1229.1,Керівник групи
1229.1,Керівник прес-служби (центральні органи державної влади)
1229.1,Керівник служби
1229.1,Консультант Президента України
1229.1,Координатор упровадження реформ
1229.1,Науковий консультант Президента України
1229.1,Начальник (завідувач) підрозділу
1229.1,Начальник відділу (самостійного)
1229.1,Начальник відділу (у складі управління)
1229.1,Начальник відділу (центральні органи державної влади)
1229.1,Начальник відділу управління
1229.1,Начальник головного управління
1229.1,Начальник державної інспекції
1229.1,Начальник підвідділу
1229.1,Начальник підвідділу (у складі самостійного відділу)
1229.1,Начальник управління
1229.1,Начальник управління (самостійного)
1229.1,Помічник Президента України
1229.1,Помічник вищого державного службовця центрального органу державної влади
1229.1,Постійний представник Президента України
1229.1,Представник Президента України
1229.1,Прес-секретар
1229.1,Радник Президента України
1229.1,Радник-начальник головного управління
1229.1,Секретар Ради національної безпеки і оборони
1229.1,Секретар Рахункової палати України
1229.1,Секретар Центральної виборчої комісії
1229.1,Уповноважений Президента України
1229.1,Член Національної ради
1229.1,Член Центральної виборчої комісії
1229.2,Голова судової колегії
1229.2,Голова суду
1229.2,Заступник голови Вищого адміністративного суду України
1229.2,Керівник апарату суду
1229.2,Керівник секретаріату
1229.2,Начальник відділу (прокуратури)
1229.2,Начальник управління Апеляційного суду України
1229.2,Начальник управління Вищого адміністративного суду України
1229.2,Начальник управління Вищого господарського суду України
1229.2,Перший заступник голови Вищого адміністративного суду України
1229.2,"Прокурор (області, міста, району)"
1229.2,Суддя Апеляційного суду України
1229.2,Суддя Вищого адміністративного суду України
1229.2,Суддя Вищого господарського суду України
1229.2,Суддя Вищого спеціалізованого суду України з розгляду цивільних і кримінальних справ
1229.3,Голова комісії
1229.3,Головний акушер-гінеколог (місцеві органи державної влади)
1229.3,Головний державний соціальний інспектор
1229.3,Головний державний фінансовий інспектор у районі (місті)
1229.3,Головний державний інспектор з ветеринарної медицини
1229.3,Головний терапевт (місцеві органи державної влади)
1229.3,Головний фахівець-архітектор
1229.3,Головний художник (місцеві органи державної влади)
1229.3,Головний інженер (місцеві органи державної влади)
1229.3,Головний інженер-інспектор
1229.3,Державний адміністратор
1229.3,Директор (начальник) департаменту
1229.3,Директор Палацу урочистих подій
1229.3,"Завідувач (начальник) сектору (місцева державна адміністрація, орган місцевого самоврядування)"
1229.3,"Завідувач відділу (місцеві органи державної влади, місцевого самоврядування)"
1229.3,Керуючий справами виконавчого апарату
1229.3,Керівник апарату
1229.3,Керівник прес-служби (місцеві органи державної влади)
1229.3,Керівник структурного підрозділу - головний спеціаліст
1229.3,"Начальник відділу (місцеві органи державної влади, місцевого самоврядування)"
1229.3,Начальник головного управління (місцеві органи державної влади)
1229.3,Начальник лікувально-профілактичного сектору - заступник завідувача
1229.3,Начальник служби
1229.3,Начальник уповноваженого органу з питань пробації
1229.3,Начальник управління
1229.3,Начальник управління (у складі головного управління)
1229.3,"Начальник центру (філії) (регіонального, територіального та ін.)"
1229.3,Начальник інспекції
1229.3,Представник Національної ради
1229.3,Староста
1229.4,Голова циклової комісії закладу фахової передвищої освіти
1229.4,Декан (начальник) факультету
1229.4,Директор (начальник) інституту в складі закладу вищої освіти
1229.4,Директор центру підвищення кваліфікації
1229.4,"Завідувач (начальник) відділення (курсу, циклу) у закладі освіти"
1229.4,Завідувач (начальник) кафедри
1229.4,"Завідувач аспірантури (інтернатури, ординатури, докторантури)"
1229.4,Завідувач бази навчально-наукової
1229.4,"Завідувач кабінету навчального (методичного, навчально-методичного)"
1229.4,Завідувач лабораторії (освіта)
1229.4,"Завідувач майстерні (навчально-виробничої, навчальної)"
1229.4,"Завідувач практики (виробничої, навчальної)"
1229.4,Керівник (директор) закладу дошкільної освіти
1229.4,Керівник виробничої практики
1229.4,Керівник позанавчальної виховної роботи з іноземними учнями
1229.4,Керівник студентського проектно-конструкторського (дослідного) бюро
1229.4,"Начальник містечка (дитячого оздоровчого, навчального)"
1229.4,Начальник навчально-тренувального центру
1229.4,Начальник навчального пункту
1229.4,Начальник табору оборонно-спортивного
1229.5,Головна медична сестра (головний медичний брат)
1229.5,Головний державний санітарний лікар
1229.5,Завідувач віварію
1229.5,"Начальник (завідувач, керівник) структурного підрозділу закладу охорони здоров’я"
1229.5,Уповноважена особа (виробництво лікарських засобів)
1229.6,Генеральний директор програм
1229.6,Голова секції (творчої)
1229.6,Головний адміністратор
1229.6,Головний балетмейстер
1229.6,Головний бібліограф
1229.6,Головний бібліотекар
1229.6,Головний диригент
1229.6,Головний зберігач фондів
1229.6,Головний кінооператор
1229.6,Головний мистецтвознавець
1229.6,Головний музичний редактор
1229.6,Головний редактор
1229.6,Головний редактор програм
1229.6,Головний редактор студії (кіностудії)
1229.6,Головний редактор творчого об'єднання
1229.6,Головний режисер
1229.6,Головний режисер-постановник
1229.6,Головний суддя з випробування племінних коней
1229.6,"Головний тренер команди (збірної, клубної)"
1229.6,Головний хормейстер
1229.6,Головний художник
1229.6,Головний художник з освітлення
1229.6,Головний художник-постановник
1229.6,Головний художник-реставратор
1229.6,Головний художній керівник
1229.6,Директор (завідувач) бібліотеки
1229.6,Директор програм (радіотелевізійних)
1229.6,Завідувач абонементу
1229.6,Завідувач атракціону
1229.6,Завідувач бази спортивної
1229.6,"Завідувач бюро (кінопересувок, подорожей, екскурсій)"
1229.6,Завідувач виставки
1229.6,Завідувач відеотеки
1229.6,Завідувач закладу клубного типу
1229.6,Завідувач клубу
1229.6,"Завідувач комплексу (атракціонного, товарного)"
1229.6,Завідувач костюмерної
1229.6,Завідувач лекторію
1229.6,Завідувач музею
1229.6,Завідувач парку культури та відпочинку
1229.6,Завідувач пересувної виставки
1229.6,Завідувач радіовузла
1229.6,Завідувач спортивної споруди
1229.6,Завідувач студії
1229.6,Завідувач театру (літнього)
1229.6,Завідувач фонотеки
1229.6,Завідувач фільмобази (фільмосховища)
1229.6,Завідувач фільмотеки
1229.6,Завідувач філіалу (філії) бібліотеки
1229.6,Завідувач філіалу (філії) музею
1229.6,Завідувач центру (за напрямом діяльності)
1229.6,Керівник групи (виробництво кіно- і відеофільмів)
1229.6,Керівник гуртка
1229.6,Керівник самодіяльного об'єднання (клубу за інтересами)
1229.6,"Керівник студії, колективу (за видами мистецтва і народної творчості)"
1229.6,Керівник фізичного виховання
1229.6,Керівник художній цеху (майстерні)
1229.6,"Керівник частини (літературно-драматургічної, музичної)"
1229.6,Майстер з ремонту приладів та апаратури (виробництво кіно- і відеофільмів)
1229.6,Начальник (завідувач) тренажерного комплексу (залу)
1229.6,Начальник бази туристської
1229.6,Начальник дитячого приймача-розподільника
1229.6,"Начальник клубу (аероклубу, службового собаківництва, спортивно-технічного, стрілецько-спортивного)"
1229.6,"Начальник команди з виду спорту (збірної, клубної)"
1229.6,Начальник табору туристського
1229.6,Начальник цеху (виробництво кіно- і відеофільмів)
1229.6,Організатор трюкових зйомок (сцен)
1229.6,Продюсер
1229.6,Продюсер (кінематографія)
1229.6,Шеф-редактор
1229.7,Генеральний менеджер (управитель)
1229.7,Голова державної комісії (бюро)
1229.7,Голова комісії
1229.7,Головний випусковий
1229.7,Головний державний інспектор Державної інспекції з експлуатації електричних станцій і мереж
1229.7,Головний державний інспектор України з енергетичного нагляду
1229.7,Головний експерт
1229.7,Головний контролер
1229.7,Головний радник
1229.7,Головний реставратор
1229.7,Головний страховий експерт з охорони праці
1229.7,Головний фахівець (пенітенціарна система)
1229.7,Головний інженер (інші галузі)
1229.7,Головний інженер Державної інспекції з експлуатації електричних станцій і мереж
1229.7,Головний інженер-інспектор
1229.7,Головний інспектор
1229.7,Директор (за напрямом діяльності)
1229.7,Директор територіального управління Національного антикорупційного бюро України
1229.7,Директор технічний
1229.7,Директор інклюзивно-ресурсного центру
1229.7,Завідувач (начальник) приймальні
1229.7,Завідувач архівосховища
1229.7,Завідувач архіву
1229.7,"Завідувач відділення (бібліотеки, заочного, контейнерного, підготовчого та ін.)"
1229.7,Завідувач відділу
1229.7,Завідувач групи
1229.7,Завідувач кабінету технічного
1229.7,Завідувач консультації
1229.7,Завідувач коректорської
1229.7,Завідувач корпункту
1229.7,Завідувач лабораторії
1229.7,"Завідувач майданчика (астрономічного, інструментального, спортивного та ін.)"
1229.7,Завідувач науково-технічної бібліотеки
1229.7,Завідувач обстановки
1229.7,"Завідувач пункту (заготовчого, приймального, навчально-консультаційного, навчального та ін.)"
1229.7,Завідувач редакції
1229.7,Завідувач сектору
1229.7,Завідувач технічного архіву
1229.7,Завідувач трупи
1229.7,Завідувач частини
1229.7,"Керівник (директор, начальник та ін.) підрозділу (служби, управління, департаменту та ін.) з безпеки (фінансово-економічної, інформаційної)"
1229.7,"Керівник (директор, начальник та ін.) підрозділу (служби, управління, департаменту та ін.) з охорони та безпеки (фізичної та майнової)"
1229.7,Керівник групи
1229.7,Керівник допризовної підготовки (військовий керівник)
1229.7,Керівник з координації аварійно-рятувальних робіт на акваторіях
1229.7,Керівник організаційних систем електронного урядування
1229.7,Керівник рятувального підрозділу
1229.7,Керівник рятувального формування
1229.7,Командир артилерійської ланки
1229.7,Командир батальйону (поліція)
1229.7,Командир взводу (поліція)
1229.7,Командир вогневої точки
1229.7,Командир полку (поліція)
1229.7,Командир роти (поліція)
1229.7,Командир-наставник
1229.7,Комісар аварійний
1229.7,"Начальник (завідувач) кабінету (лінгафонного, проектного та ін.)"
1229.7,Начальник (інший керівник) служби
1229.7,Начальник Державної інспекції з експлуатації електричних станцій і мереж
1229.7,Начальник відділення (пенітенціарна система)
1229.7,Начальник відділення поліції
1229.7,Начальник відділу
1229.7,Начальник відділу (пенітенціарна система)
1229.7,Начальник військового представництва
1229.7,Начальник головного військового представництва
1229.7,Начальник окремого структурного підрозділу (поліція)
1229.7,Начальник оперативного відділу (сфера цивільного захисту)
1229.7,"Начальник партії (геодезичної, геологічної, промислової, топографічної та ін.)"
1229.7,Начальник прес-центру
1229.7,Начальник підрозділу оперативно-рятувальної служби з профілактичних заходів цивільного захисту
1229.7,Начальник підрозділу постійної готовності до аварійно-рятувальних дій
1229.7,Начальник режимно-секретного органу
1229.7,Начальник сектору
1229.7,Начальник слідчої частини
1229.7,Начальник структурного підрозділу режимно-секретного органу
1229.7,Начальник трудової колонії для неповнолітніх
1229.7,"Начальник центру (психологічного забезпечення, соціально-трудової реабілітації дорослих, з надання соціальних послуг тощо)"
1229.7,Начальник чергової частини
1229.7,Начальник штабу полку (батальйону) (поліція)
1229.7,Начальник інспекції
1229.7,Секретар відповідальний
1229.8,Заступник директора департаменту - головний бухгалтер (митні органи)
1229.8,Заступник начальника митниці - начальник митного поста
1229.8,Заступник начальника митниці - начальник служби
1229.8,Заступник начальника служби - начальник відділу (митні органи)
1229.8,Начальник митниці
1229.8,Начальник митного поста
1229.8,Начальник служби (митні органи)
1229.8,Начальник служби - головний бухгалтер (митні органи)
1229.8,Начальник спеціалізованої митної установи
1231,Головний архівіст
1231,Головний бухгалтер
1231,Головний економіст
1231,Головний касир
1231,Головний ревізор
1231,Головний юрисконсульт
1231,Директор з економіки
1231,Директор фінансовий
1231,Директор-розпорядник
1231,Завідувач (начальник) секретаріату
1231,Завідувач канцелярії
1231,Завідувач каси
1231,Завідувач цехової бухгалтерії
1231,"Керівник (директор, виконавчий директор, начальник та ін.) відповідного напряму діяльності банківської установи"
1231,"Керівник (директор, начальник та ін.) департаменту"
1231,"Керівник (директор, начальник та ін.) департаменту (центру, відділення, дирекції, комплексу та ін.) (банківська діяльність)"
1231,Менеджер (управитель)
1231,Начальник бюро (функціональний підрозділ)
1231,Начальник відділу капітального будівництва (технічного переозброєння)
1231,Начальник контрольно-ревізійного відділу
1231,Начальник лабораторії техніко-економічних досліджень
1231,Начальник планово-економічного бюро цеху
1231,Начальник планово-економічного відділу
1231,Начальник управління
1231,Начальник фінансового відділу
1231,Начальник централізованої бухгалтерії
1231,Начальник юридичного відділу
1231,Секретар корпоративний
1232,Головний профконсультант
1232,Головний психолог
1232,Головний соціолог
1232,Директор з кадрових питань та побуту
1232,Директор з управління персоналом
1232,Завідувач кабінету з техніки безпеки
1232,Керівник групи обліку
1232,Начальник бюро організації праці та заробітної плати цеху
1232,Начальник відділу кадрів
1232,Начальник відділу організації праці та заробітної плати
1232,Начальник відділу охорони праці
1232,Начальник відділу підготовки кадрів
1232,Начальник відділу соціального розвитку
1232,Начальник лабораторії наукової організації праці та управління виробництвом
1232,Начальник лабораторії соціології та психофізіології праці
1232,Начальник нормативно-дослідної лабораторії (станції) з питань праці
1232,Начальник служби
1233,Директор з маркетингу
1233,Директор комерційний
1233,Начальник відділу збуту (маркетингу)
1233,Начальник комерційного відділу
1234,Головний художник (реклама)
1234,"Начальник відділу (з реклами, зв'язків з громадськістю)"
1234,Прес-секретар
1235,Начальник відділу
1235,Начальник відділу зовнішньої кооперації
1235,Начальник відділу комплектації устаткування
1235,Начальник відділу матеріально-технічного постачання
1235,"Начальник складу (паливно-мастильних матеріалів, матеріально-технічного та ін.)"
1235,Начальник управління
1236,Головний програміст
1236,Головний фахівець з електронного устаткування
1236,Головний фахівець з програмного забезпечення
1236,Начальник відділу автоматизованої системи керування виробництвом (АСКВ)
1236,Начальник зміни обчислювального (інформаційно-обчислювального) центру
1236,"Начальник центру (обчислювального, інформаційно-обчислювального)"
1237.1,"Голова ради (науково-технічної, наукової, експертної)"
1237.1,Головний архітектор (архітектура та будівництво)
1237.1,Головний архітектор проекту
1237.1,Головний будівельник кораблів
1237.1,Головний біолог
1237.1,Головний винороб
1237.1,Головний водолазний фахівець
1237.1,Головний геодезист
1237.1,Головний геолог
1237.1,Головний геофізик
1237.1,Головний геохімік
1237.1,Головний гідроакустик
1237.1,Головний гідрогеолог
1237.1,Головний гідрограф
1237.1,Головний гідролог
1237.1,Головний гідротехнік
1237.1,Головний гірник
1237.1,Головний десинатор
1237.1,Головний дизайнер (художник-конструктор)
1237.1,Головний дизайнер (художник-конструктор) проекту
1237.1,Головний електрик
1237.1,Головний електромеханік
1237.1,Головний електронік
1237.1,Головний електрорадіонавігатор
1237.1,Головний збагачувач
1237.1,Головний зварник
1237.1,Головний зоотехнік
1237.1,Головний калібрувальник
1237.1,Головний картограф
1237.1,Головний колорист
1237.1,Головний конструктор
1237.1,Головний конструктор проекту
1237.1,Головний коньячний майстер
1237.1,Головний круп'яр
1237.1,Головний кулінар
1237.1,Головний лікар ветеринарної медицини
1237.1,Головний маркшейдер
1237.1,Головний меліоратор
1237.1,Головний металург
1237.1,Головний метролог
1237.1,Головний миловар
1237.1,Головний мисливствознавець
1237.1,Головний модельєр
1237.1,Головний модельєр-конструктор
1237.1,Головний мікробіолог
1237.1,Головний оптик
1237.1,Головний парфумер
1237.1,Головний пивовар
1237.1,Головний питлівник
1237.1,Головний приладист
1237.1,Головний пробірувальник
1237.1,Головний прокатник
1237.1,Головний радіолог
1237.1,Головний редактор карт
1237.1,Головний редактор карт і лоцій
1237.1,Головний релійник
1237.1,Головний рибовод
1237.1,Головний синоптик
1237.1,Головний сталеплавильник
1237.1,Головний телеоператор
1237.1,Головний теплотехнік
1237.1,Головний технолог
1237.1,Головний технолог проекту
1237.1,Головний технічний керівник
1237.1,Головний титестер
1237.1,Головний товарознавець
1237.1,Головний турбініст виробничого об'єднання з ремонту та налагодження устаткування атомних станцій
1237.1,Головний тютюнник
1237.1,Головний тютюновий майстер
1237.1,Головний учений секретар
1237.1,Головний фахівець з автоматизованих систем керування
1237.1,Головний фахівець з автоматики
1237.1,Головний фахівець з антенних споруд
1237.1,Головний фахівець з атомних електростанцій
1237.1,Головний фахівець з електрозв'язку
1237.1,Головний фахівець з енергетичних реакторів
1237.1,Головний фахівець з енергоблоків
1237.1,Головний фахівець з енергосистем
1237.1,Головний фахівець з кольорового телебачення
1237.1,Головний фахівець з котлів
1237.1,Головний фахівець з монтажу та налагодження систем автоматизації
1237.1,Головний фахівець з охорони навколишнього середовища
1237.1,Головний фахівець з радіомовлення
1237.1,Головний фахівець з радіопередавальних.пристроїв
1237.1,Головний фахівець з телевізійного мовлення
1237.1,Головний фахівець з техніки консервації телевізійних програм
1237.1,Головний фахівець з тропосферних радіорелейних ліній
1237.1,Головний фахівець з устаткування звукових трактів та акустики
1237.1,Головний фахівець з устаткування телевізійних трактів
1237.1,Головний фахівець з якості металів на атомних станціях
1237.1,Головний фахівець із сантехнічного устаткування
1237.1,Головний фахівець із світлотехніки
1237.1,Головний фахівець із систем керування та захисту на атомних станціях
1237.1,Головний фахівець із слабкострумових систем та контрольно-вимірювальних приладів і автоматики
1237.1,Головний фізик
1237.1,Головний художник-модельєр
1237.1,Головний хімік
1237.1,Головний шампаніст
1237.1,Головний інженер проекту
1237.1,Головний інженер-кріогенник
1237.1,Головний ґрунтознавець
1237.2,Директор бібліотеки
1237.2,"Завідувач (начальник) відділу (науково-дослідного, конструкторського, проектного та ін.)"
1237.2,Завідувач відділення
1237.2,Завідувач відділу (бюро) оформлення проектних матеріалів
1237.2,Завідувач докторантури
1237.2,Завідувач креслярсько-копіювального бюро
1237.2,"Завідувач лабораторії (науково-дослідної, підготовки виробництва)"
1237.2,Завідувач обсерваторії
1237.2,Завідувач сектору
1237.2,Завідувач станції географічної
1237.2,Завідувач філіалу (філії) лабораторії
1237.2,"Керівник бригади (дослідної, проектної організації)"
1237.2,"Начальник (завідувач) сектору (науково-дослідного, конструкторського та ін.)"
1237.2,Начальник бюро
1237.2,Начальник відділу механізації та автоматизації виробничих процесів
1237.2,Начальник відділу науково-технічної інформації
1237.2,Начальник відділу охорони навколишнього середовища
1237.2,Начальник відділу патентної та винахідницької роботи
1237.2,Начальник відділу радіаційної безпеки
1237.2,Начальник відділу стандартизації
1237.2,Начальник дослідної лабораторії
1237.2,"Начальник лабораторії (науково-дослідної, дослідної та ін.)"
1237.2,Начальник проектно-кошторисного бюро (групи)
1237.2,"Начальник реактора (прискорювача, ядерно-фізичної установки)"
1237.2,Начальник станції метеорологічної
1237.2,Начальник технологічного бюро цеху
1237.2,Начальник технічного відділу
1237.2,Начальник центральної заводської лабораторії
1237.2,Начальник цеху дослідного виробництва
1237.2,Учений секретар
1238,Керівник проектів та програм у сфері матеріального (нематеріального) виробництва
1238,Керівник установи (структурного підрозділу) з інтелектуальної власності
1238,"Керівник установи (структурного підрозділу) із стандартизації, сертифікації та якості"
1239,Голова комітету
1239,Завідувач бюро перепусток
1239,Завідувач господарства
1239,Завідувач кабінету з військово-технічної підготовки
1239,Завідувач копіювально-розмножувального бюро
1239,Завідувач номерного фонду готелю (туристичного комплексу та ін.)
1239,Керівник структурного підрозділу з питань безпеки інформації та кіберзахисту
1239,Командир (начальник) підрозділу (сфера цивільного захисту)
1239,Командир (начальник) частини (сфера цивільного захисту)
1239,Командир взводу (сфера цивільного захисту)
1239,Командир загону (сфера цивільного захисту)
1239,Майстер (сфера цивільного захисту)
1239,Начальник варти (пенітенціарна система)
1239,Начальник варти воєнізованої охорони
1239,Начальник варти окремого пожежного поста
1239,Начальник воєнізованої охорони
1239,Начальник господарського відділу
1239,"Начальник караулу (зміни, поста) оперативно-рятувальної служби цивільного захисту"
1239,"Начальник караулу (зміни, поста) частини (сфера цивільного захисту)"
1239,"Начальник команди (охорони об'єктів, службового собаківництва та ін.)"
1239,Начальник команди пожежної охорони
1239,Начальник окремого поста пожежної охорони (пенітенціарна система)
1239,"Начальник охорони (пожежної, сторожової та ін.)"
1239,Начальник пожежної охорони (команди) (пенітенціарна система)
1239,Начальник полігону
1239,Начальник служби (сфера цивільного захисту)
1311,"Голова кооперативу (товариства, колективної ферми і т. ін.)"
1311,Директор (керівник) малого підприємства сільськогосподарського
1312,Голова кооперативу промислового
1312,Директор (керівник) малого промислового підприємства (фірми)
1312,Директор (керівник) малого підприємства гірничодобувного
1313,Голова кооперативу будівельного
1313,Директор (керівник) малого будівельного підприємства
1314,Директор (керівник) малої торговельної фірми
1314,Керуючий магазином
1314,Комерсант
1315,"Керуючий готелем (пансіонатом, кемпінгом і т. ін.)"
1315,"Керуючий рестораном (кафе, їдальнею і т. ін.)"
1315,"Начальник дільниці ресторану (кафе, їдальні і т. ін.)"
1315,Ресторатор
1316,"Директор (керівник) малого підприємства (транспортного, складського)"
1317,"Директор малої фірми (страхової, аудиторської, рекламної і т. ін.)"
1317,"Керуючий агентством (страховим, торговельним, нерухомості, рекламним і т. ін.)"
1318,"Керуючий перукарнею (фотоательє, фірмою прокату і т. ін.)"
1319,"Директор (керівник) малого підприємства (у сфері охорони здоров'я, освіти, культури і т. ін.)"
1319,Завідувач залу
1411,Менеджер (управитель) з використання водних ресурсів
1412,Менеджер (управитель) з природокористування
1439.8,Менеджер (управитель) з виробництва та розподілення електроенергії
1439.8,Менеджер (управитель) з організації ефективного використання енергії (енергоменеджер)
1443,Менеджер (управитель) з транспортно-експедиторської діяльності
1443,Менеджер (управитель) на автомобільному транспорті
1443,Менеджер (управитель) на водному транспорті
1448.1,Менеджер (управитель) з туризму
1451,Менеджер (управитель) в торгівлі транспортними засобами
1452,Менеджер (управитель) в оптовій торгівлі
1453,Менеджер (управитель) в роздрібній торгівлі побутовими та непродовольчими товарами
1453.1,Менеджер (управитель) в роздрібній торгівлі побутовими товарами та їх ремонті
1453.2,Менеджер (управитель) в роздрібній торгівлі непродовольчими товарами
1454,Менеджер (управитель) в роздрібній торгівлі продовольчими товарами
1455.1,Менеджер (управитель) у готельному господарстві
1456,"Менеджер (управитель) кафе (бару, їдальні)"
1456,Менеджер (управитель) підприємства з приготування та постачання готових страв
1456,Менеджер (управитель) ресторану
1456,Менеджер (управитель) систем харчової безпеки
1461,Менеджер (управитель) із грошового посередництва
1462,Менеджер (управитель) із фінансового лізингу
1463,Менеджер (управитель) із надання кредитів
1465,Менеджер (управитель) із страхування
1466,Менеджер (управитель) із пенсійного недержавного страхування
1467,Менеджер (управитель) із допоміжної діяльності у сфері фінансів
1468,Менеджер (управитель) із допоміжної діяльності у сфері страхування
1469,Менеджер (управитель) із фінансового посередництва
1471,Менеджер (управитель) у сфері операцій з нерухомістю для третіх осіб
1472,Менеджер (управитель) у сфері аренди машин та устаткування
1473,Менеджер (управитель) у сфері надання інформації
1474,Менеджер (управитель) з питань регіонального розвитку
1474,Менеджер (управитель) із комунікаційних технологій
1475.4,Менеджер (управитель) з адміністративної діяльності
1475.4,Менеджер (управитель) з логістики
1475.4,Менеджер (управитель) з маркетингу
1475.4,Менеджер (управитель) з постачання
1475.4,Менеджер (управитель) із збуту
1475.4,Менеджер (управитель) із зв'язків з громадськістю
1475.4,Менеджер (управитель) із зовнішньоекономічної діяльності
1476.1,Менеджер (управитель) з реклами
1477.1,Менеджер (управитель) з персоналу
1478,Менеджер (управитель) у слідчій діяльності
1479,Менеджер (управитель) з організації консультативних послуг
1482,Менеджер (управитель) з громадської охорони здоров'я
1483,Менеджер (управитель) у соціальній сфері
1483,Соціальний менеджер
1491,Менеджер (управитель) житлового будинку (групи будинків)
1491,Менеджер (управитель) підприємства житлово-комунального господарства
1492,Менеджер (управитель) банно(лазне)-оздоровчого комплексу
1492,Менеджер (управитель) у видавничій діяльності
1493,Менеджер (управитель) систем якості
1493,Менеджер (управитель) систем якості в державному управлінні
1494,Менеджер (управитель) екологічних систем
1495,Менеджер (управитель) систем з інформаційної безпеки
1496,Менеджер (управитель) із соціальної та корпоративної відповідальності
1499,Менеджер (управитель)
2111.1,Астроном
2111.1,Астрофізик
2111.1,Молодший науковий співробітник (медична фізика)
2111.1,"Молодший науковий співробітник (фізика, астрономія)"
2111.1,Науковий співробітник (медична фізика)
2111.1,"Науковий співробітник (фізика, астрономія)"
2111.1,Науковий співробітник-консультант (медична фізика)
2111.1,"Науковий співробітник-консультант (фізика, астрономія)"
2111.2,Інженер з підготовки та ліцензування персоналу атомної електростанції
2111.2,Інженер з радіаційної безпеки
2111.2,Інженер з управління блоком атомної станції
2111.2,"Інженер з управління реактором (прискорювачем, ядерно-фізичною установкою)"
2111.2,Інженер-радіолог
2111.2,Інженер-радіофізик
2111.2,Інспектор з радіаційної безпеки
2111.2,Аеродинамік
2111.2,Балістик
2111.2,Гідродинамік
2111.2,Консультант науковий (у планетаріях)
2111.2,Професіонал з медичної фізики
2111.2,Реолог
2111.2,Термодинамік
2111.2,Фізик
2112.1,Молодший науковий співробітник (метеорологія)
2112.1,Науковий співробітник (метеорологія)
2112.1,Науковий співробітник-консультант (метеорологія)
2112.2,Агрометеоролог
2112.2,Аеролог
2112.2,Гідрохімік
2112.2,Кліматолог
2112.2,Метеоролог
2112.2,Океанолог
2112.2,Радіолог
2112.2,Синоптик
2113.1,Молодший науковий співробітник (хімія)
2113.1,Науковий співробітник (хімія)
2113.1,Науковий співробітник-консультант (хімія)
2113.2,Інженер з радіаційної та хімічної розвідки
2113.2,Інженер-радіохімік
2113.2,Геохімік
2113.2,Енохімік
2113.2,Кристалограф
2113.2,Хімік
2113.2,Хімік газокомпресорної служби
2113.2,Хімік-аналітик
2113.2,Хімік-кристалограф
2114.1,"Молодший науковий співробітник (геологія, геофізика, гідрологія, геоінформатика)"
2114.1,"Науковий співробітник (геологія, геофізика, гідрологія, геоінформатика)"
2114.1,"Науковий співробітник-консультант (геологія, геофізика, гідрологія, геоінформатика)"
2114.2,Геолог
2114.2,Геолог з видобування та підземного зберігання газу
2114.2,"Геолог кар'єру, рудника, шахти"
2114.2,Геолог нафтогазорозвідки (партії) структурно-пошукового буріння
2114.2,Геоморфолог
2114.2,Геофізик
2114.2,"Геофізик кар'єру, рудника, шахти"
2114.2,Гідрогеолог
2114.2,Гідролог
2114.2,Девіатор
2114.2,Мікропалеонтолог
2114.2,Мінералог
2114.2,Петрограф
2114.2,Професіонал з інформаційного забезпечення геологорозвідувальних робіт
2114.2,Сейсмолог
2114.2,Стратиграф
2121.1,Молодший науковий співробітник (математика)
2121.1,Науковий співробітник (математика)
2121.1,Науковий співробітник-консультант (математика)
2121.2,Актуарій
2121.2,Математик
2121.2,Математик (прикладна математика)
2121.2,Математик-аналітик з дослідження операцій
2122.1,Молодший науковий співробітник (статистика)
2122.1,Науковий співробітник (статистика)
2122.1,Науковий співробітник-консультант (статистика)
2122.2,Біометрист
2122.2,Економіст-демограф
2122.2,Економіст-статистик
2122.2,Економіст-статистик (прикладна статистика)
2131.1,Молодший науковий співробітник (обчислювальні системи)
2131.1,Науковий співробітник (обчислювальні системи)
2131.1,Науковий співробітник-консультант (обчислювальні системи)
2131.2,Інженер з автоматизованих систем керування виробництвом
2131.2,Інженер з комп'ютерних систем
2131.2,Інженер з програмного забезпечення комп'ютерів
2131.2,Інженер-дослідник з комп'ютеризованих систем та автоматики
2131.2,Адміністратор бази даних
2131.2,Адміністратор даних
2131.2,Адміністратор доступу
2131.2,Адміністратор доступу (груповий)
2131.2,Адміністратор задач
2131.2,Адміністратор системи
2131.2,Аналітик з комп'ютерних комунікацій
2131.2,Аналітик комп'ютерних систем
2131.2,Аналітик комп'ютерного банку даних
2131.2,Аналітик операційного та прикладного програмного забезпечення
2131.2,Аналітик програмного забезпечення та мультимедіа
2131.2,Конструктор комп'ютерних систем
2132.1,Молодший науковий співробітник (програмування)
2132.1,Науковий співробітник (програмування)
2132.1,Науковий співробітник-консультант (програмування)
2132.2,Інженер-програміст
2132.2,Конструктор систем кібербезпеки
2132.2,Програміст (база даних)
2132.2,Програміст прикладний
2132.2,Програміст системний
2132.2,Розробник систем захисту інформації
2139.1,Молодший науковий співробітник (галузь обчислень)
2139.1,Науковий співробітник (галузь обчислень)
2139.1,Науковий співробітник-консультант (галузь обчислень)
2139.2,Інженер системний видавничо-поліграфічного виробництва
2139.2,Інженер із застосування комп'ютерів
2139.2,Адміністратор мереж і систем
2139.2,Аналітик з безпеки інформаційно-комунікаційних систем
2139.2,Аналітик з оцінки вразливостей
2139.2,Аналітик загроз безпеки
2139.2,Аналітик систем захисту інформації
2139.2,Аудитор програм інформаційних технологій
2139.2,Аудитор інформаційних технологій (з кібербезпеки)
2139.2,Дізнавач (сфера кібербезпеки та захисту інформації)
2139.2,Експерт з управління інформаційними технологіями
2139.2,Експерт-криміналіст (сфера кібербезпеки та захисту інформації)
2139.2,Експерт-криміналіст судової експертизи (сфера кібербезпеки та захисту інформації)
2139.2,Слідчий з кіберзлочинів
2139.2,Уповноважений з авторизації безпеки інформації
2139.2,Фахівець з криптографічного захисту інформації
2139.2,Фахівець з кібердосліджень та розробок систем безпеки
2139.2,Фахівець з оцінки заходів захисту інформації (кібербезпеки)
2139.2,Фахівець з питань безпеки (інформаційно-комунікаційні технології)
2139.2,Фахівець з планування політики та стратегії кібербезпеки
2139.2,Фахівець з підтримки інфраструктури кіберзахисту
2139.2,Фахівець з реагування на інциденти кібербезпеки
2139.2,Фахівець з тестування систем захисту інформації
2139.2,Фахівець з технічного захисту інформації
2139.2,Фахівець з юридичних консультацій та адвокації в сфері кібербезпеки
2139.2,Фахівець сфери захисту інформації
2141.1,"Молодший науковий співробітник (архітектура, планування міст)"
2141.1,"Науковий співробітник (архітектура, планування міст)"
2141.1,"Науковий співробітник-консультант (архітектура, планування міст)"
2141.2,Інженер-проектувальник (планування міст)
2141.2,Архітектор
2141.2,Архітектор з реставрації пам'яток архітектури та містобудування
2142.1,Молодший науковий співробітник (будівництво)
2142.1,Науковий співробітник (будівництво)
2142.1,Науковий співробітник-консультант (будівництво)
2142.2,Інженер з експлуатації аеродромів
2142.2,Інженер з меліорації
2142.2,Інженер з проектно-кошторисної роботи
2142.2,Інженер з технічного нагляду (будівництво)
2142.2,Інженер-будівельник
2142.2,Інженер-будівельник з реставрації пам'яток архітектури та містобудування
2142.2,Інженер-консультант (будівництво)
2142.2,Інженер-проектувальник
2142.2,Гідротехнік
2142.2,Експерт будівельний
2142.2,Технолог (будівельні матеріали)
2143.1,Інженер-дослідник із енергетики сільського господарства
2143.1,Молодший науковий співробітник (електротехніка)
2143.1,Науковий співробітник (електротехніка)
2143.1,Науковий співробітник-консультант (електротехніка)
2143.2,Інженер з експлуатації протиаварійної автоматики
2143.2,Інженер з електрифікації сільськогосподарського підприємства
2143.2,"Інженер з налагодження, удосконалення технології та експлуатації електричних станцій та мереж"
2143.2,Інженер з режимів оперативно-диспетчерської служби
2143.2,Інженер з релейного захисту і електроавтоматики
2143.2,Інженер з ремонту та налагодження електроенергетичного устаткування атомної станції
2143.2,Інженер з технічного аудиту
2143.2,Інженер перетворювального комплексу
2143.2,Інженер служби ліній енергопідприємства
2143.2,Інженер служби підстанцій
2143.2,Інженер служби розподільних мереж
2143.2,Інженер служби ізоляції та захисту від перенапруг
2143.2,Інженер із засобів диспетчерського і технологічного керування
2143.2,Інженер із світлотехнічного та електротехнічного забезпечення польотів
2143.2,Інженер-електрик в енергетичній сфері
2143.2,Інженер-енергетик
2143.2,Інженер-конструктор (електротехніка)
2143.2,Диспетчер об'єднаного диспетчерського управління енергосистеми
2143.2,Диспетчер оперативно-диспетчерської служби магістральних електричних мереж
2143.2,Диспетчер центральної диспетчерської служби енергосистеми
2143.2,Диспетчер централізованого диспетчерського управління об'єднаною енергосистемою України
2143.2,"Професіонал з експлуатації електричних станцій, енергетичних установок та мереж"
2143.2,Професіонал з енергетичного менеджменту
2143.2,Старший електромеханік-капітан
2143.2,Старший електромеханік-командир
2144.1,"Молодший науковий співробітник (електроніка, електронні комунікації)"
2144.1,"Науковий співробітник (електроніка, електронні комунікації)"
2144.1,"Науковий співробітник-консультант (електроніка, електронні комунікації)"
2144.2,Інженер антенно-щоглових споруд
2144.2,Інженер електрозв'язку
2144.2,Інженер з високовольтних випробувань та вимірювань енергоустаткування
2144.2,Інженер з організації виробничих процесів електрозв'язку
2144.2,Інженер з радіонавігації та радіолокації
2144.2,Інженер з ремонту та обслуговування автоматики та засобів вимірювань атомної електростанції
2144.2,Інженер засобів радіо та телебачення
2144.2,Інженер лінійних споруд електрозв'язку та абонентських пристроїв
2144.2,Інженер мережі стільникового зв'язку
2144.2,Інженер із звукозапису
2144.2,Інженер інформаційно-комунікаційних систем
2144.2,Інженер інформаційно-комунікаційних технологій
2144.2,Інженер-електронік
2144.2,Інженер-електронік систем виробництва нетрадиційних і відновлювальних видів енергії
2144.2,Інженер-електрорадіонавігатор
2144.2,Інженер-конструктор (електроніка)
2145.1,Інженер-дослідник із механізації сільського господарства
2145.1,Молодший науковий співробітник (інженерна механіка)
2145.1,Науковий співробітник (інженерна механіка)
2145.1,Науковий співробітник-консультант (інженерна механіка)
2145.2,Інженер з вишкобудування
2145.2,"Інженер з діагностування технічного стану колісних транспортних засобів (машинно-тракторного парку, дорожньо-будівельних машин на колісних шасі та мототехніки)"
2145.2,Інженер з експлуатації авіаційного устаткування об'єктивного контролю
2145.2,Інженер з експлуатації машинно-тракторного парку
2145.2,Інженер з експлуатації повітряних суден (систем повітряних суден)
2145.2,Інженер з експлуатації споруд та устаткування водопровідно-каналізаційного господарства
2145.2,Інженер з комплектації устаткування
2145.2,Інженер з механізації та автоматизації виробничих процесів
2145.2,Інженер з механізації трудомістких процесів
2145.2,Інженер з нагляду за будівництвом флоту
2145.2,Інженер з приймання локомотивів (вагонів)
2145.2,Інженер з теплофікації сільськогосподарського підприємства
2145.2,"Інженер з технічного обслуговування, ремонту та діагностики авіаційної техніки"
2145.2,Інженер з технічної діагностики котельного і турбінного устаткування
2145.2,Інженер з управління турбіною атомної станції
2145.2,Інженер з інструменту
2145.2,Інженер спеціального флоту
2145.2,Інженер із зварювання
2145.2,Інженер із суднопідіймальних робіт
2145.2,Інженер-випробувач (спеціальні виробництва)
2145.2,Інженер-випробувач літальної лабораторії бортової
2145.2,Інженер-дослідник підводного апарата
2145.2,Інженер-конструктор (механіка)
2145.2,Інженер-механік з флоту груповий
2145.2,Інженер-механік з флоту лінійний
2145.2,Інженер-технолог (механіка)
2145.2,Будівельник суден
2145.2,Механік лінійний флоту (з флоту)
2145.2,Провідний інженер з експериментальних робіт і льотних випробувань систем повітряних суден
2145.2,Провідний інженер з експлуатації повітряних суден
2145.2,Провідний інженер з льотних випробувань повітряних суден
2145.2,Старший механік-командир
2145.2,Суперінтендант
2145.2,інженер-механік груповий
2146.1,Молодший науковий співробітник (хімічні технології)
2146.1,Науковий співробітник (хімічні технології)
2146.1,Науковий співробітник-консультант (хімічні технології)
2146.2,Інженер (хімічні технології)
2146.2,Інженер з випробування та оброблення плівки
2146.2,Інженер з електрохімічного захисту
2146.2,Інженер з обліку та зберігання ядерних матеріалів атомної електростанції
2146.2,Інженер з паливно-мастильних матеріалів
2146.2,Інженер з переробки радіоактивних відходів
2146.2,Інженер-технолог (хімічні технології)
2146.2,Інженер-технолог з очищення води
2147.1,"Молодший науковий співробітник (гірництво, металургія)"
2147.1,"Науковий співробітник (гірництво, металургія)"
2147.1,"Науковий співробітник-консультант (гірництво, металургія)"
2147.2,Інженер (металургія)
2147.2,Інженер з буропідривних (підривних) робіт
2147.2,Інженер з буріння (бурових робіт)
2147.2,Інженер з вентиляції
2147.2,Інженер з видобутку нафти й газу
2147.2,Інженер з випробування свердловин
2147.2,Інженер з глинястих розчинів у надглибокому бурінні
2147.2,Інженер з гірничих робіт
2147.2,Інженер з експлуатації лінійної частини магістрального газопроводу
2147.2,Інженер з експлуатації нафтогазопроводів
2147.2,Інженер з експлуатації устаткування газових об'єктів
2147.2,Інженер з кріплення
2147.2,Інженер з кріплення свердловин
2147.2,Інженер з підготовки та транспортування нафти
2147.2,Інженер з підтримання пластового тиску
2147.2,"Інженер з піротехнічних, саперних та підривних робіт"
2147.2,Інженер з технічної діагностики
2147.2,Інженер конверторного виробництва
2147.2,Інженер із заливання свердловин
2147.2,Інженер із складних робіт у бурінні (капітальному ремонті) свердловин
2147.2,Інженер-технолог (металургія)
2147.2,"Гідрогеолог кар'єру, рудника, шахти"
2147.2,Калібрувальник
2147.2,Маркшейдер
2147.2,"Маркшейдер кар'єру, рудника, шахти"
2147.2,Маркшейдер на підземних роботах
2148.1,"Молодший науковий співробітник (картографія, топографія)"
2148.1,"Науковий співробітник (картографія, топографія)"
2148.1,"Науковий співробітник-консультант (картографія, топографія)"
2148.2,Інженер-землевпорядник
2148.2,Аерофотозйомник
2148.2,Геодезист
2148.2,Гідрограф
2148.2,Картограф
2148.2,Картограф-укладач
2148.2,Редактор карт
2148.2,Редактор карт технічний
2148.2,Топограф
2148.2,Топограф кадастровий
2148.2,Укладач лоцій
2148.2,Фахівець з геосистемного моніторингу навколишнього середовища
2148.2,Фахівець з дистанційного зондування землі та аерокосмічного моніторингу
2148.2,Фотограмметрист
2149.1,Космонавт-дослідник
2149.1,Молодший науковий співробітник (галузь інженерної справи)
2149.1,Молодший науковий співробітник (транспорт)
2149.1,Науковий співробітник (галузь інженерної справи)
2149.1,Науковий співробітник (транспорт)
2149.1,Науковий співробітник-консультант (галузь інженерної справи)
2149.1,Науковий співробітник-консультант (транспорт)
2149.1,Технолог-дослідник (видавничо-поліграфічне виробництво)
2149.2,Інженер
2149.2,Інженер біомедичний
2149.2,Інженер з аварійно-рятувальних робіт
2149.2,Інженер з автоматизованих систем льотного контролю
2149.2,Інженер з автоматизованих систем управління повітряним рухом
2149.2,Інженер з боротьби з аварійними розливами нафти й нафтопродуктів у морі
2149.2,Інженер з експлуатації гідротехнічних споруд атомної електростанції
2149.2,Інженер з експлуатації споруд та устаткування газокомпресорної служби
2149.2,Інженер з експлуатації устаткування атомної електростанції
2149.2,Інженер з експлуатації устаткування газорозподільних станцій
2149.2,Інженер з керування й обслуговування систем
2149.2,Інженер з комплектації устаткування й матеріалів
2149.2,Інженер з контролю систем обліку газу
2149.2,Інженер з метрології
2149.2,Інженер з налагодження й випробувань
2149.2,Інженер з нормування трудових процесів
2149.2,Інженер з об'єктивного контролю
2149.2,Інженер з організації експлуатації та ремонту
2149.2,Інженер з охорони навколишнього середовища
2149.2,Інженер з охорони праці
2149.2,Інженер з патентної та винахідницької роботи
2149.2,Інженер з пожежно-рятувальних робіт
2149.2,Інженер з пожежної безпеки
2149.2,Інженер з проектування механізованих розробок
2149.2,Інженер з профілактичних робіт
2149.2,Інженер з підводно-підривних робіт
2149.2,Інженер з підводно-технічних робіт
2149.2,Інженер з підготовки виробництва
2149.2,Інженер з підготовки газу до транспортування
2149.2,Інженер з ремонту
2149.2,Інженер з розрахунків та режимів
2149.2,Інженер з техногенно-екологічної безпеки
2149.2,Інженер з транспорту
2149.2,Інженер з управління повітряним рухом
2149.2,Інженер з фізичного захисту (сфера використання ядерної енергії)
2149.2,Інженер з якості
2149.2,Інженер з інвентаризації нерухомого майна
2149.2,Інженер оперативно-рятувальної служби цивільного захисту
2149.2,Інженер садово-паркового господарства
2149.2,Інженер судновий
2149.2,Інженер із впровадження нової техніки й технології
2149.2,Інженер із застосування авіації в галузях економіки
2149.2,Інженер із стандартизації
2149.2,Інженер із стандартизації та якості
2149.2,Інженер-дефектоскопіст
2149.2,Інженер-диспетчер груповий
2149.2,Інженер-диспетчер з руху флоту (у флоті)
2149.2,Інженер-дослідник
2149.2,Інженер-електромеханік гірничий
2149.2,Інженер-конструктор
2149.2,Інженер-конструктор машин та устаткування сільськогосподарського виробництва
2149.2,Інженер-контролер
2149.2,Інженер-лаборант
2149.2,Інженер-матеріалознавець видавничо-поліграфічного виробництва
2149.2,Інженер-протезист
2149.2,Інженер-технолог
2149.2,Інженер-технолог з переробки відходів
2149.2,Інженер-технолог центру комунікації повідомлень
2149.2,Інженер-технолог-протезист
2149.2,Аналітик комунікацій (крім комп'ютерів)
2149.2,Аналітик систем (крім комп'ютерів)
2149.2,Державний експерт з розслідування авіаційних подій
2149.2,Державний реєстратор суден
2149.2,Диспетчер диспетчерської служби керування
2149.2,Диспетчер з регулювання вагонного парку
2149.2,Диспетчер з транспортування газу
2149.2,Диспетчер з флоту
2149.2,Диспетчер служби руху
2149.2,Диспетчер шляховий
2149.2,Диспетчер-інструктор служби руху
2149.2,Експерт з оцінки пожежних ризиків
2149.2,Експерт технічний з промислової безпеки
2149.2,Експерт у сфері техногенної та пожежної безпеки
2149.2,Експерт із енергозбереження та енергоефективності
2149.2,Ергономіст
2149.2,Конструктор (інші галузі інженерної справи)
2149.2,Конструктор взуття
2149.2,Конструктор одягу
2149.2,Консультант (у певній галузі інженерної справи)
2149.2,Консультант із енергозбереження в будівлях
2149.2,Консультант із енергозбереження та енергоефективності
2149.2,Льотчик-космонавт
2149.2,Мехатронік
2149.2,Провідний інженер з об'єктивного контролю
2149.2,Професіонал із організації захисту інформації з обмеженим доступом
2149.2,Розробник систем (крім комп'ютерів)
2149.2,Технолог (видавничо-поліграфічне виробництво)
2149.2,Технолог електронних мультимедійних видань
2149.2,Технолог-видавець
2149.2,Фахівець з неруйнівного контролю
2149.2,Фахівець з питань мобілізаційної роботи
2149.2,Фахівець з питань цивільного захисту
2149.2,Фахівець із забезпечення оперативно-рятувальних служб цивільного захисту
2149.2,Черговий з польотів
2149.2,Черговий по дирекції залізничних перевезень
2149.2,Черговий по метрополітену
2149.2,Черговий по об'єднанню (промислового залізничного транспорту)
2149.2,Черговий служби руху
2211.1,Іхтіолог-дослідник
2211.1,Біолог-дослідник
2211.1,Вірусолог
2211.1,Генетик
2211.1,Молодший науковий співробітник (біологія)
2211.1,Науковий співробітник (біологія)
2211.1,Науковий співробітник-консультант (біологія)
2211.1,Рибовод-дослідник
2211.1,Фізіолог рослин
2211.2,Імунолог
2211.2,Іхтіолог
2211.2,Іхтіопатолог
2211.2,Бактеріолог
2211.2,Ботанік
2211.2,Біолог
2211.2,Біотехнолог
2211.2,Біофізик
2211.2,Геоботанік
2211.2,Гідробіолог
2211.2,Гістолог
2211.2,Дресирувальник морських тварин
2211.2,Еколог
2211.2,Експерт з екології
2211.2,Експерт-кінолог
2211.2,Ембріолог
2211.2,Ентомолог
2211.2,Ентофітопатолог
2211.2,Зоолог
2211.2,Маммолог
2211.2,Міколог
2211.2,Мікробіолог
2211.2,Орнітолог
2211.2,Палеонтолог
2211.2,Паразитолог
2211.2,Рибовод
2211.2,Таксономіст
2211.2,Теріолог
2211.2,Цитолог
2211.2,Цитоморфолог
2212.1,"Молодший науковий співробітник (патологія, токсикологія, фармакологія, фізіологія, епідеміологія)"
2212.1,"Науковий співробітник (патологія, токсикологія, фармакологія, фізіологія, епідеміологія)"
2212.1,"Науковий співробітник-консультант (патологія, токсикологія, фармакологія, фізіологія, епідеміологія)"
2212.2,Біохімік
2212.2,Епідеміолог
2212.2,Лікар-патологоанатом
2212.2,Професіонал з клінічних досліджень
2212.2,Токсиколог
2212.2,Фармаколог
2212.2,Фізіолог
2213.1,Агроном-дослідник
2213.1,Гідротехнік-дослідник
2213.1,Дослідник аквакультури
2213.1,Дослідник із агрохімії та ґрунтознавства
2213.1,Дослідник із захисту рослин
2213.1,Дослідник із плодоовочівництва та виноградарства
2213.1,Дослідник із селекції та генетики сільськогосподарських культур
2213.1,"Молодший науковий співробітник (агрономія, зоотехнія, лісівництво, природно-заповідна справа)"
2213.1,"Науковий співробітник (агрономія, зоотехнія, лісівництво, природно-заповідна справа)"
2213.1,"Науковий співробітник-консультант (агрономія, зоотехнія, лісівництво, природно-заповідна справа)"
2213.2,Інженер з використання водних ресурсів
2213.2,Інженер з відтворення природних екосистем
2213.2,Інженер з лісових культур
2213.2,Інженер з лісозаготівель
2213.2,Інженер з лісокористування
2213.2,Інженер з лісосировинних ресурсів
2213.2,Інженер з охорони природних екосистем
2213.2,Інженер з охорони та захисту лісу
2213.2,Інженер з охорони тваринного світу
2213.2,Інженер з природокористування
2213.2,Інженер з проектування систем індустріального рибництва
2213.2,Інженер з рекреаційного благоустрою
2213.2,Інженер лісового господарства
2213.2,Інженер станції насосної (групи станцій)
2213.2,Інженер-гідротехнік
2213.2,Інженер-лісопатолог
2213.2,Інженер-проектувальник (водне господарство)
2213.2,Інженер-таксатор
2213.2,Інженер-технолог з виробництва та переробки продукції тваринництва
2213.2,Інспектор з карантину рослин
2213.2,Агролісомеліоратор
2213.2,Агроном
2213.2,Агроном аеродрому
2213.2,Агроном з насінництва
2213.2,Агроном із захисту рослин
2213.2,Агроном-інспектор
2213.2,Агрохімік
2213.2,Зоотехнік
2213.2,Зоотехнік з контролю якості продукції
2213.2,Зоотехнік з племінної справи
2213.2,Мисливствознавець
2213.2,Професіонал з плодоовочівництва і виноградарства
2213.2,Професіонал з рибальства
2213.2,Сільськогосподарський дорадник
2213.2,Сільськогосподарський експерт-дорадник
2213.2,Технолог зі зберігання та первинної переробки продукції рослинництва
2213.2,Технолог-дослідник з виробництва та переробки продукції тваринництва
2213.2,Технолог-дослідник зі зберігання та первинної переробки продукції рослинництва
2213.2,Фахівець з використання водних ресурсів
2213.2,Фахівець з виробництва продукції аквакультури
2213.2,Фахівець з екологічної освіти
2213.2,Фахівець з квітникарства
2213.2,Фахівець з ландшафтного дизайну
2213.2,Фахівець з рекреації
2213.2,Фахівець із агрохімії та ґрунтознавства
2213.2,Фахівець із селекції та генетики сільськогосподарських культур
2213.2,Ґрунтознавець
2221.1,"Молодший науковий співробітник (галузь лікувальної справи, крім стоматології)"
2221.1,"Науковий співробітник (галузь лікувальної справи, крім стоматології)"
2221.1,"Науковий співробітник-консультант (галузь лікувальної справи, крім стоматології)"
2221.2,Лікар
2221.2,Лікар внутрішньої медицини
2221.2,Лікар гірничорятувальної частини
2221.2,Лікар з авіаційної медицини
2221.2,Лікар з медицини невідкладних станів
2221.2,Лікар з народної та нетрадиційної медицини
2221.2,Лікар з променевої терапії
2221.2,Лікар з радіонуклідної діагностики
2221.2,Лікар з ультразвукової діагностики
2221.2,Лікар загальної практики - сімейний лікар
2221.2,Лікар приймальної палати (відділення)
2221.2,Лікар пункту охорони здоров'я
2221.2,Лікар підводного апарата
2221.2,Лікар роз'їзний (лінійний) на залізничному транспорті
2221.2,Лікар судновий
2221.2,Лікар фізичної та реабілітаційної медицини
2221.2,Лікар-акушер-гінеколог
2221.2,Лікар-алерголог
2221.2,Лікар-анестезіолог
2221.2,Лікар-гастроентеролог
2221.2,Лікар-гематолог
2221.2,Лікар-гематолог-онколог дитячий
2221.2,Лікар-генетик
2221.2,Лікар-геріатр
2221.2,Лікар-гінеколог дитячого та підліткового віку
2221.2,Лікар-гінеколог-онколог
2221.2,Лікар-дерматовенеролог
2221.2,Лікар-ендокринолог
2221.2,Лікар-кардіолог
2221.2,Лікар-кардіолог дитячий
2221.2,Лікар-кардіолог електрофізіолог
2221.2,Лікар-кардіолог інтервенційний
2221.2,Лікар-кардіоревматолог дитячий
2221.2,Лікар-комбустіолог
2221.2,Лікар-методист
2221.2,Лікар-нарколог
2221.2,Лікар-невролог дитячий
2221.2,Лікар-невропатолог
2221.2,Лікар-нейрофізіолог
2221.2,Лікар-нейрохірург
2221.2,Лікар-нефролог
2221.2,Лікар-онколог
2221.2,Лікар-ортопед-травматолог
2221.2,Лікар-отоларинголог
2221.2,Лікар-офтальмолог
2221.2,Лікар-педіатр
2221.2,Лікар-педіатр-неонатолог
2221.2,Лікар-психолог
2221.2,Лікар-психотерапевт
2221.2,Лікар-психофізіолог
2221.2,Лікар-психіатр
2221.2,Лікар-пульмонолог
2221.2,Лікар-радіолог
2221.2,Лікар-ревматолог
2221.2,Лікар-ревматолог дитячий
2221.2,Лікар-рефлексотерапевт
2221.2,Лікар-сексопатолог
2221.2,Лікар-сурдолог
2221.2,Лікар-терапевт
2221.2,Лікар-терапевт цехової лікарської дільниці
2221.2,Лікар-токсиколог
2221.2,Лікар-трансплантолог
2221.2,Лікар-трансфузіолог
2221.2,Лікар-уролог
2221.2,Лікар-фтизіатр
2221.2,Лікар-хірург
2221.2,Лікар-хірург пластичний
2221.2,Лікар-хірург серцево-судинний
2221.2,Лікар-хірург судинний
2221.2,Лікар-хірург торакальний
2221.2,Лікар-хірург-дерматолог
2221.2,Лікар-хірург-онколог
2221.2,Лікар-хірург-проктолог
2221.2,Лікар-імунолог
2221.2,Лікар-інфекціоніст
2222.1,Молодший науковий співробітник (стоматологія)
2222.1,Науковий співробітник (стоматологія)
2222.1,Науковий співробітник-консультант (стоматологія)
2222.2,Лікар-стоматолог
2222.2,Лікар-стоматолог-ортодонт
2222.2,Лікар-стоматолог-ортопед
2222.2,Лікар-стоматолог-пародонтолог
2222.2,Лікар-стоматолог-терапевт
2222.2,Лікар-стоматолог-хірург
2222.2,Лікар-хірург щелепно-лицевий
2223.1,Молодший науковий співробітник (ветеринарна медицина)
2223.1,Науковий співробітник (ветеринарна медицина)
2223.1,Науковий співробітник-консультант (ветеринарна медицина)
2223.2,Лікар ветеринарної медицини
2223.2,Лікар ветеринарної медицини з безпеки та якості сільськогосподарських і харчових продуктів
2223.2,Лікар ветеринарної медицини з біотехнології
2223.2,Лікар ветеринарної медицини з гігієни та санітарії
2223.2,Лікар ветеринарної медицини з лабораторної діагностики
2223.2,Лікар ветеринарної медицини з фармації
2223.2,Лікар ветеринарної медицини м'ясопереробних підприємств
2223.2,Лікар ветеринарної медицини із громадського здоров’я
2223.2,Офіційний лікар ветеринарної медицини
2224.1,Молодший науковий співробітник (фармація)
2224.1,Науковий співробітник (фармація)
2224.1,Науковий співробітник-консультант (фармація)
2224.2,Фармацевт
2224.2,Фармацевт клінічний
2224.2,Фармацевт-аналітик
2224.2,Фармацевт-косметолог
2224.2,Фармацевт-токсиколог
2225.2,Лікар з гігієни дітей та підлітків
2225.2,Лікар з гігієни праці
2225.2,Лікар з гігієни харчування
2225.2,Лікар з комунальної гігієни
2225.2,Лікар з радіаційної гігієни
2225.2,Лікар із загальної гігієни
2225.2,Лікар-бактеріолог
2225.2,Лікар-вірусолог
2225.2,Лікар-дезінфекціоніст
2225.2,Лікар-епідеміолог
2225.2,Лікар-мікробіолог-вірусолог
2225.2,Лікар-паразитолог
2225.2,Лікар-профпатолог
2225.2,Лікар-санолог
2225.2,Фахівець з громадського здоров’я
2225.2,Фахівець з довкілля та здоров’я
2225.2,Фахівець з дослідження факторів навколишнього середовища
2229.1,"Молодший науковий співробітник (галузь медицини, крім сестринської справи та акушерства)"
2229.1,"Науковий співробітник (галузь медицини, крім сестринської справи та акушерства)"
2229.1,"Науковий співробітник-консультант (галузь медицини, крім сестринської справи та акушерства)"
2229.2,Інспектор-лікар
2229.2,Експерт з оцінки медичних технологій
2229.2,Ерготерапевт
2229.2,Лікар з лікувальної фізкультури
2229.2,Лікар з лікувальної фізкультури та спортивної медицини
2229.2,Лікар з функціональної діагностики
2229.2,Лікар зі спортивної медицини
2229.2,Лікар спортивний (збірної чи клубної команди)
2229.2,Лікар судово-медичний експерт
2229.2,Лікар судово-медичний експерт-гістолог
2229.2,Лікар судово-медичний експерт-криміналіст
2229.2,Лікар судово-медичний експерт-токсиколог
2229.2,Лікар судово-медичний експерт-цитолог
2229.2,Лікар судово-медичний експерт-імунолог
2229.2,Лікар-дієтолог
2229.2,Лікар-ендоскопіст
2229.2,Лікар-лаборант
2229.2,Лікар-лаборант з клінічної біохімії
2229.2,Лікар-лаборант-генетик
2229.2,Лікар-лаборант-гігієніст
2229.2,Лікар-лаборант-гігієніст з дослідження фізичних факторів навколишнього середовища
2229.2,Лікар-лаборант-гігієніст з дослідження хімічних факторів навколишнього середовища
2229.2,Лікар-лаборант-імунолог
2229.2,Лікар-рентгенолог
2229.2,Лікар-статистик
2229.2,Лікар-судово-психіатричний експерт
2229.2,Лікар-фізіотерапевт
2229.2,Професіонал з фармаконагляду
2229.2,Терапевт мови і мовлення
2229.2,Трансплант-координатор
2229.2,Фізичний терапевт
2230.1,"Молодший науковий співробітник (сестринська справа, акушерство)"
2230.1,"Науковий співробітник (сестринська справа, акушерство)"
2230.1,"Науковий співробітник-консультант (сестринська справа, акушерство)"
2230.2,Фельдшер на морських і річкових суднах
2310.1,Докторант
2310.1,Доцент закладу вищої освіти
2310.1,Професор закладу вищої освіти
2310.2,Асистент
2310.2,Богослов
2310.2,Викладач закладу вищої освіти
2310.2,Викладач-стажист
2320,Викладач мистецького ліцею
2320,Викладач театральних дисциплін
2320,Викладач хореографічних дисциплін
2320,Викладач хорових дисциплін
2320,"Викладач-інструменталіст (народних, духових, спеціальних інструментів)"
2320,Вчитель закладу загальної середньої освіти
2320,Вчитель спеціалізованого закладу загальної середньої освіти
2320,Концертмейстер мистецького ліцею
2320,Методист заочних шкіл і відділень
2321,Викладач закладу професійної (професійно-технічної) освіти
2322,Викладач закладу фахової передвищої освіти
2331,Вчитель початкових класів закладу загальної середньої освіти
2332,Вихователь закладу дошкільної освіти
2332,Методист дошкільної освіти
2340,Інструктор слухового кабінету
2340,Викладач із соціальної педагогіки
2340,Вихователь соціальний по роботі з дітьми з інвалідністю
2340,Вчитель спеціальної освіти
2340,Вчитель-дефектолог
2340,Вчитель-логопед
2340,Вчитель-реабілітолог
2340,Педагог соціальний
2340,Перекладач-дактилолог закладу освіти
2340,Фахівець (консультант) інклюзивно-ресурсного центру
2351.1,Молодший науковий співробітник (методи навчання)
2351.1,Науковий співробітник (методи навчання)
2351.1,Науковий співробітник-консультант (методи навчання)
2351.2,Інструктор-льотчик-методист
2351.2,Викладач (методи навчання)
2351.2,Вихователь-методист
2351.2,Консультант з питань здорового способу життя
2351.2,Консультант центру професійного розвитку
2351.2,Методист
2351.2,Методист з економічної освіти
2351.2,Методист з фізичної культури
2352,Інспектор з військово-технічної підготовки
2352,"Інспектор з дошкільного виховання, позашкільної роботи"
2352,"Інспектор з навчальної, виховної, методичної роботи, виробничого навчання і початкової військової підготовки"
2352,Інспектор з охорони дитинства
2352,Інспектор-методист
2359.1,Молодший науковий співробітник (в інших галузях навчання)
2359.1,Молодший науковий співробітник (валеологія)
2359.1,Науковий співробітник (в інших галузях навчання)
2359.1,Науковий співробітник (валеологія)
2359.1,Науковий співробітник-консультант (в інших галузях навчання)
2359.1,Науковий співробітник-консультант (валеологія)
2359.2,Інженер-інструктор біолокацій
2359.2,Інструктор з праці
2359.2,Інструктор навчально-тренувального центру
2359.2,Інструктор-методист з інформаційної безпеки та кібербезпеки
2359.2,Інструктор-пілот (льотчик)
2359.2,Андрагог
2359.2,Керівник секції спортивного напряму
2359.2,Лектор
2359.2,Методист закладу позашкільної освіти
2359.2,Методист-валеолог
2359.2,Механік-наставник
2359.2,Організатор позакласної та позашкільної виховної роботи з дітьми
2359.2,Педагог-валеолог
2359.2,Педагог-організатор
2359.2,Фахівець з питань молоді (молодіжний працівник)
2359.2,Штурман-інструктор
2411.1,"Молодший науковий співробітник (аудит, бухгалтерський облік)"
2411.1,"Науковий співробітник (аудит, бухгалтерський облік)"
2411.1,"Науковий співробітник-консультант (аудит, бухгалтерський облік)"
2411.2,Аудитор
2411.2,Аудитор систем харчової безпеки
2411.2,Аудитор систем якості
2411.2,Бухгалтер (з дипломом магістра)
2411.2,Бухгалтер-експерт
2411.2,Бухгалтер-ревізор
2411.2,Екологічний аудитор
2411.2,Консультант з податків і зборів
2412.1,Молодший науковий співробітник (праця та зайнятість)
2412.1,Науковий співробітник (праця та зайнятість)
2412.1,Науковий співробітник-консультант (праця та зайнятість)
2412.1,Професіолог
2412.2,Інструктор передових методів праці
2412.2,Аналітик у сфері професійної зайнятості
2412.2,Економіст з праці
2412.2,Експерт з регулювання соціально-трудових відносин
2412.2,Експерт з умов праці
2412.2,Експерт із соціальної відповідальності
2412.2,Кар’єрний радник
2412.2,Нормувальник гірничий
2412.2,"Нормувальник гірничий кар'єру, рудника, шахти"
2412.2,Нормувальник гірничий на підземних роботах
2412.2,Оцінювач професійної кваліфікації
2412.2,Професіонал з розвитку персоналу
2412.2,Профконсультант
2412.2,Страховий експерт з охорони праці
2412.2,Фахівець з аналізу ринку праці
2412.2,Фахівець з організації праці
2412.2,Фахівець з питань зайнятості (хедхантер)
2412.2,Фахівець з профадаптації
2412.2,Фахівець з профорієнтації
2412.2,Фахівець з підготовки кадрів
2413.1,Молодший науковий співробітник (біржові операції)
2413.1,Науковий співробітник (біржові операції)
2413.1,Науковий співробітник-консультант (біржові операції)
2413.2,Професіонал з ведення реєстру власників іменних цінних паперів
2413.2,Професіонал з депозитарної діяльності
2413.2,Професіонал з корпоративного управління
2413.2,Професіонал з торгівлі цінними паперами
2413.2,Професіонал з управління активами
2413.2,Професіонал-організатор торгівлі на ринку цінних паперів
2414.1,"Молодший науковий співробітник (фінансово-економічна безпека підприємств, установ та організацій)"
2414.1,"Науковий співробітник (фінансово-економічна безпека підприємств, установ та організацій)"
2414.1,"Науковий співробітник-консультант (фінансово-економічна безпека підприємств, установ та організацій)"
2414.2,Аналітик з питань фінансово-економічної безпеки
2414.2,Професіонал з антикорупційної діяльності
2414.2,Професіонал з фінансово-економічної безпеки
2414.2,Уповноважений з антикорупційної діяльності
2419.1,"Молодший науковий співробітник (маркетинг, ефективність господарської діяльності, раціоналізація виробництва)"
2419.1,Молодший науковий співробітник (інтелектуальна власність)
2419.1,"Науковий співробітник (маркетинг, ефективність господарської діяльності, раціоналізація виробництва)"
2419.1,Науковий співробітник (інтелектуальна власність)
2419.1,"Науковий співробітник-консультант (маркетинг, ефективність господарської діяльності, раціоналізація виробництва)"
2419.1,Науковий співробітник-консультант (інтелектуальна власність)
2419.2,Інженер з організації керування виробництвом
2419.2,Аудитор безпеки автомобільних доріг
2419.2,"Відповідальний працівник банку (філіалу (філії) банку, іншої фінансової установи)"
2419.2,Економіст із збуту
2419.2,Експерт із енергоефективності нетрадиційних і відновлювальних видів енергії
2419.2,Експерт із зовнішньоекономічних питань
2419.2,Експерт із торговельно-економічних операцій
2419.2,Консультант
2419.2,Консультант з ефективності підприємництва
2419.2,Консультант з маркетингу
2419.2,Консультант з раціоналізації виробництва
2419.2,Консультант із зовнішньоекономічних питань
2419.2,Логіст
2419.2,Професіонал з економічної кібернетики
2419.2,Професіонал з інноваційної діяльності
2419.2,Професіонал з інтелектуальної власності
2419.2,Рекламіст
2419.2,Уповноважена особа з питань відповідності (енергетика)
2419.2,Фахівець з економічного моделювання екологічних систем
2419.2,Фахівець з ефективності підприємництва
2419.2,Фахівець з методів розширення ринку збуту (маркетолог)
2419.2,Фахівець з публічних закупівель
2419.2,Фахівець з раціоналізації виробництва
2419.2,Фахівець із зв'язків з громадськістю та пресою
2419.2,Фахівець із сертифікації
2419.2,Фахівець із стандартизації
2419.2,"Фахівець із стандартизації, сертифікації та якості"
2419.2,Фахівець із якості
2419.2,Фахівець-аналітик з дослідження товарного ринку
2419.3,Інспектор державний
2419.3,Інспектор фінансовий
2419.3,Адміністратор (органи державної влади та місцевого самоврядування)
2419.3,Головний консультант
2419.3,Головний консультант-інспектор
2419.3,Державний аудитор
2419.3,Державний експерт
2419.3,Державний кадастровий реєстратор
2419.3,Державний реєстратор
2419.3,Державний реєстратор прав на нерухоме майно
2419.3,Державний соціальний інспектор
2419.3,Детектив
2419.3,Казначей
2419.3,"Консультант (в апараті органів державної влади, місцевого самоврядування)"
2419.3,Помічник-консультант народного депутата України (члена Національної ради)
2419.3,Представник
2419.3,"Радник (органи державної влади, місцевого самоврядування)"
2419.3,Радник-посланник
2419.3,Спеціаліст державної служби (місцевого самоврядування)
2419.3,Спеціаліст з питань персоналу державної служби
2419.3,Спеціаліст-бухгалтер
2419.3,Спеціаліст-юрисконсульт
2421.1,Молодший науковий співробітник (правознавство)
2421.1,Науковий співробітник (правознавство)
2421.1,Науковий співробітник-консультант (правознавство)
2421.2,Адвокат
2421.2,Консультант науковий (правознавство)
2421.2,Прокурор
2421.2,Прокурор-криміналіст
2421.2,Старший помічник Генерального прокурора України з особливих доручень
2421.2,Юрист
2421.2,Юрист-міжнародник
2422,Помічник судді (Верховного Суду)
2422,Суддя
2423,Інспектор (з дипломом магістра)
2423,Дізнавач (з дипломом магістра)
2423,Оперуповноважений (з дипломом магістра)
2423,Помічник начальника чергової частини
2423,Професіонал з охоронної діяльності та безпеки
2423,Слідчий (поліція)
2423,Слідчий в особливо важливих справах
2423,Спеціаліст-криміналіст
2423,Спеціаліст-підривник
2423,Старший дізнавач з особливих доручень
2423,Старший оперуповноважений в особливо важливих справах
2423,Старший оперуповноважений з особливих доручень (поліція)
2423,Старший слідчий в особливо важливих справах
2423,Старший інспектор з особливих доручень
2424,Інспектор (пенітенціарна система)
2424,Інспектор уповноваженого органу з питань пробації
2424,Оперуповноважений (пенітенціарна система)
2424,Старший оперуповноважений в особливо важливих справах (пенітенціарна система)
2424,Старший інспектор з особливих доручень (пенітенціарна система)
2424,Старший інспектор уповноваженого органу з питань пробації
2429,Інспектор праці (правовий)
2429,Державний виконавець
2429,Експерт
2429,Експерт-психолог судовий
2429,Експерт-токсиколог судовий
2429,Експерт-цитолог судовий
2429,Експерт-імунолог судовий
2429,Нотаріус
2429,Нотаріус державний
2429,Приватний виконавець
2429,Приватний детектив
2429,Радник
2429,Слідчий
2429,Судовий експерт
2429,Фахівець з дізнання у сфері цивільного захисту
2429,Фахівець з діяльності професійних спілок
2429,Юрисконсульт
2431.1,"Молодший науковий співробітник (архівна справа, музеєзнавство)"
2431.1,"Науковий співробітник (архівна справа, музеєзнавство)"
2431.1,"Науковий співробітник-консультант (архівна справа, музеєзнавство)"
2431.2,Архівіст
2431.2,Експерт з комплектування музейного та виставочного фонду
2431.2,Зберігач експонатів
2431.2,Зберігач фондів
2432.1,Документознавець
2432.1,"Молодший науковий співробітник (бібліотечна справа, науково-технічна інформація)"
2432.1,"Науковий співробітник (бібліотечна справа, науково-технічна інформація)"
2432.1,"Науковий співробітник-консультант (бібліотечна справа, науково-технічна інформація)"
2432.2,Бібліограф
2432.2,Бібліотекар
2432.2,Експерт з питань інтелектуальної власності
2432.2,Методист із складання кінопрограм
2433.1,Молодший науковий співробітник (інформаційна аналітика)
2433.1,Науковий співробітник (інформаційна аналітика)
2433.1,Науковий співробітник-консультант (інформаційна аналітика)
2433.2,Інженер з науково-технічної інформації
2433.2,Аналітик консолідованої інформації
2441.1,Молодший науковий співробітник (економіка)
2441.1,Науковий співробітник (економіка)
2441.1,Науковий співробітник-консультант (економіка)
2441.2,Аналітик (банківська діяльність)
2441.2,Аналітик з кредитування
2441.2,Аналітик з інвестицій
2441.2,Економетрист
2441.2,Економіст
2441.2,Економіст з бухгалтерського обліку та аналізу господарської діяльності
2441.2,Економіст з договірних та претензійних робіт
2441.2,Економіст з матеріально-технічного забезпечення
2441.2,Економіст з міжнародної торгівлі
2441.2,Економіст з планування
2441.2,Економіст з податків і зборів
2441.2,"Економіст з режимів газопостачання, обліку та контролю за витрачанням газу"
2441.2,Економіст з фінансової роботи
2441.2,Економіст обчислювального (інформаційно-обчислювального) центру
2441.2,Економіст із ціноутворення
2441.2,Економічний радник
2441.2,Консультант з економічних питань
2441.2,Оглядач з економічних питань
2441.2,Член виконавчого органу акціонерного товариства
2441.2,Член правління акціонерного товариства
2441.2,Член ревізійної комісії
2441.2,Член спостережної (наглядової) ради
2442.1,Антрополог
2442.1,"Молодший науковий співробітник (археографія, археологія, географія, кримінологія, палеографія, соціологія)"
2442.1,"Науковий співробітник (археографія, археологія, географія, кримінологія, палеографія, соціологія)"
2442.1,"Науковий співробітник-консультант (археографія, археологія, географія, кримінологія, палеографія, соціологія)"
2442.2,Археограф
2442.2,Археолог
2442.2,Географ
2442.2,Географ (політична географія)
2442.2,Географ (фізична географія)
2442.2,Географ-економіст
2442.2,Етнолог
2442.2,Кримінолог
2442.2,Палеогеограф
2442.2,Палеограф
2442.2,Соціальний патолог
2442.2,Соціолог
2442.2,Соціолог з ефективності покарання правопорушників
2442.2,Соціолог промисловий
2442.2,Соціолог-кримінолог
2442.2,Фахівець з міської та районної планіровки
2442.2,Фахівець з питань вирішення колективних трудових спорів (конфліктів)
2442.2,Фахівець з розміщення продуктивних сил та регіональної економіки
2442.2,Фахівець з управління природокористуванням
2442.2,Фахівець з урегулювання конфліктів та медіації у соціально-політичній сфері
2443.1,"Молодший науковий співробітник (філософія, історія, політологія)"
2443.1,"Науковий співробітник (філософія, історія, політологія)"
2443.1,"Науковий співробітник-консультант (філософія, історія, політологія)"
2443.2,Історик
2443.2,Історик (економіка)
2443.2,Історик (політика)
2443.2,Історик (суспільні відносини)
2443.2,Експерт із суспільно-політичних питань
2443.2,Консультант з питань історії
2443.2,Консультант із суспільно-політичних питань (в партіях та інших громадських організаціях)
2443.2,Політичний оглядач
2443.2,Політолог
2443.2,Фахівець з релігієзнавства
2443.2,Фахівець із генеалогії
2443.2,Філософ
2444.1,Графолог
2444.1,"Молодший науковий співробітник (філологія, лінгвістика та переклади)"
2444.1,"Науковий співробітник (філологія, лінгвістика та переклади)"
2444.1,"Науковий співробітник-консультант (філологія, лінгвістика та переклади)"
2444.1,Фольклорист
2444.1,Філолог-дослідник
2444.2,Гід-перекладач
2444.2,Лінгвіст
2444.2,Перекладач
2444.2,Перекладач технічної літератури
2444.2,Перекладач-дактилолог
2444.2,Перекладач-секретар сліпого вчителя (викладача)
2444.2,Професіонал з фольклористики
2444.2,Редактор-перекладач
2444.2,Філолог
2445.1,Молодший науковий співробітник (психологія)
2445.1,Науковий співробітник (психологія)
2445.1,Науковий співробітник-консультант (психологія)
2445.2,Клінічний психолог
2445.2,Практичний психолог
2445.2,Психолог
2445.2,Психотерапевт
2446.1,Молодший науковий співробітник (соціальний захист населення)
2446.1,Науковий співробітник (соціальний захист населення)
2446.1,Науковий співробітник-консультант (соціальний захист населення)
2446.2,Вихователь виправно-трудового закладу
2446.2,Наглядач в громадському центрі
2446.2,Наглядач за умовно засудженими
2446.2,Соціальний аудитор
2446.2,Соціальний працівник
2446.2,"Фахівець (з допомоги неблагополучним родинам, грошової допомоги дітям і т. ін.)"
2446.2,Фахівець із соціальної допомоги вдома
2446.2,Фахівець із соціальної роботи
2446.2,Фахівець-організатор соціально-побутового обслуговування
2447.1,Молодший науковий співробітник (проекти та програми у сфері матеріального та нематеріального виробництва)
2447.1,Науковий співробітник (проекти та програми у сфері матеріального та нематеріального виробництва)
2447.1,Науковий співробітник-консультант (проекти та програми у сфері матеріального та нематеріального виробництва)
2447.2,Фахівець з управління проектами та програмами у сфері матеріального (нематеріального) виробництва
2451.1,Літературознавець
2451.2,Інокореспондент
2451.2,Ведучий програми
2451.2,Випусковий
2451.2,Випусковий відповідальний
2451.2,Драматург
2451.2,Журналіст
2451.2,Журналіст мультимедійних видань засобів масової інформації
2451.2,Коментатор
2451.2,Кореспондент
2451.2,Кореспондент власний
2451.2,Кореспондент спеціальний
2451.2,Літературний співробітник
2451.2,Оглядач
2451.2,Оглядач політичний
2451.2,Письменник (інший автор)
2451.2,Редактор
2451.2,Редактор відповідальний
2451.2,Редактор з рекламування фільмів
2451.2,Редактор літературний
2451.2,Редактор мультимедійних видань засобів масової інформації
2451.2,Редактор науковий
2451.2,Редактор технічний
2451.2,Редактор художній
2451.2,Член головної редакції
2451.2,Член колегії (редакційної)
2452.1,Дизайнер-дослідник
2452.1,"Мистецтвознавець (образотворче, декоративно-прикладне мистецтво)"
2452.2,Аналітик з модельної діяльності
2452.2,Асистент художника з комбінованих зйомок
2452.2,Асистент художника-мультиплікатора
2452.2,Асистент художника-постановника
2452.2,Дизайнер (художник-конструктор)
2452.2,Дизайнер візажу
2452.2,Дизайнер графічних робіт
2452.2,Дизайнер зачісок
2452.2,Дизайнер меблів
2452.2,Дизайнер мультимедійних об'єктів
2452.2,Дизайнер одягу
2452.2,Дизайнер пакування
2452.2,Дизайнер промислових виробів та об'єктів
2452.2,Дизайнер тканини
2452.2,Дизайнер інтер'єру
2452.2,Експерт з модельної діяльності
2452.2,Керівник самодіяльного об'єднання прикладного та декоративного мистецтва
2452.2,Модельєр
2452.2,Модельєр-конструктор
2452.2,Професіонал з перукарського мистецтва і декоративної косметики
2452.2,Скульптор
2452.2,Стильмейкер
2452.2,Художник
2452.2,Художник з комбінованих зйомок
2452.2,Художник лакової мініатюри
2452.2,Художник народних художніх промислів
2452.2,Художник-графік телебачення
2452.2,Художник-зарисовник (будинку моделей)
2452.2,Художник-модельєр
2452.2,Художник-мультиплікатор
2452.2,Художник-окопротезист
2452.2,Художник-оформлювач ігрових ляльок
2452.2,Художник-реставратор
2452.2,Член колегії (художньо-експертної)
2453.1,Музикознавець
2453.2,Акомпаніатор
2453.2,Аранжувальник
2453.2,"Артист (хору, хорового колективу, оркестрової групи та ін.)"
2453.2,"Артист ансамблю (пісні й танцю, вокально-інструментального, вокального, естрадно-інструментального, хорового, народних інструментів та ін.)"
2453.2,"Артист оркестру (духового, естрадного, народних інструментів, симфонічного та ін.)"
2453.2,"Артист-вокаліст (оперний, камерний, соліст, соліст-бандурист, музичної комедії, естради та ін.)"
2453.2,Артист-соліст (хору)
2453.2,Артист-соліст-органіст
2453.2,Артист-соліст-інструменталіст
2453.2,Артист-тамбурмажор
2453.2,Асистент артиста-соліста-органіста
2453.2,Асистент диригента
2453.2,Асистент хормейстера
2453.2,Бандурист
2453.2,Бандурист-співак
2453.2,Диригент
2453.2,Капельмейстер
2453.2,Керівник оркестру (ансамблю) духових інструментів
2453.2,"Керівник оркестру (ансамблю, фольклорного ансамблю) народних інструментів"
2453.2,Керівник хору (фольклорного ансамблю)
2453.2,Кобзар
2453.2,Композитор
2453.2,Концертмейстер
2453.2,Концертмейстер з класу вокалу
2453.2,Концертмейстер-піаніст
2453.2,Музичний оформлювач
2453.2,Редактор музичний
2453.2,Репетитор з вокалу
2453.2,Хормейстер
2453.2,"Член колегії (сценарної, художньо-експертної у галузі музикознавства)"
2454.1,Мистецтвознавець (хореографія)
2454.2,Аранжувальник балетний
2454.2,"Артист (танцювального ансамблю, танцювального та хорового колективу, ансамблю пісні й танцю та ін.)"
2454.2,Артист балету
2454.2,Артист балету (соліст)
2454.2,Артист балету на льоду
2454.2,Асистент балетмейстера
2454.2,Балетмейстер
2454.2,Балетмейстер-постановник
2454.2,Керівник танцювального колективу
2454.2,Концертмейстер з класу балету
2454.2,Репетитор з балету
2454.2,Хореограф
2454.2,"Член колегії (сценарної, художньо-експертної у галузі хореографії)"
2455.1,Мистецтвознавець (кіномистецтво)
2455.2,"Актор (артист) театру, кіно та ін."
2455.2,Артист розмовного жанру
2455.2,Артист театру міміки та жесту (мімічного ансамблю)
2455.2,"Артист, що веде концерт"
2455.2,Артист-конферансьє
2455.2,Асистент режисера
2455.2,Асистент режисера телебачення
2455.2,Звукорежисер
2455.2,Каскадер
2455.2,"Керівник (студії за видами мистецтва та художньої творчості, любительського об'єднання, клубу за інтересами та ін.)"
2455.2,"Керівник колективу (театрального, самодіяльного та ін.)"
2455.2,Керівник музичний
2455.2,Керівник художній
2455.2,Кінознавець
2455.2,Кінорежисер
2455.2,Кінорежисер анімаційних (мультиплікаційних) фільмів
2455.2,Кінорежисер з монтажу
2455.2,Кінорежисер-постановник
2455.2,Методист культурно-освітнього закладу
2455.2,Провідний звукооператор
2455.2,Провідний кінооператор
2455.2,Провідний кінооператор комбінованих зйомок
2455.2,Провідний кінооператор-постановник
2455.2,Провідний монтажер
2455.2,Редактор фільмів
2455.2,Режисер
2455.2,Режисер радіомовлення
2455.2,Режисер театралізованих заходів та свят
2455.2,Режисер телебачення
2455.2,Режисер-постановник
2455.2,Репетитор з техніки мови
2455.2,Художник-постановник
2455.2,Читець
2460,"Капелан (військовий капелан, капелан в охороні здоров’я, пенітенціарний капелан і т. ін.)"
2460,Місіонер
2460,"Священнослужитель (священик, пастор, пресвітер, диякон, рабин, машгіах кашрут, моель, софер, імам, мулла і т. ін.)"
2471,Експерт з пробірного контролю
2481.1,"Молодший науковий співробітник (туризмологія, екскурсознавство)"
2481.1,"Науковий співробітник (туризмологія, екскурсознавство)"
2481.1,"Науковий співробітник-консультант (туризмологія, екскурсознавство)"
2481.2,Екскурсознавець
2481.2,Туризмознавець
2482.2,"Фахівець із гостинності (готелі, туристичні комплекси та ін.)"
2482.2,Фахівець із готельної справи
2482.2,Фахівець із ресторанної справи
2483.1,Молодший науковий співробітник (рекреалогія)
2483.1,Науковий співробітник (рекреалогія)
2483.1,Науковий співробітник-консультант (рекреалогія)
2483.2,Фахівець із санаторно-курортної справи
2490,Інспектор
2490,Експерт (за видами діяльності)
2490,Поліграфолог
2490,Помічник арбітражного керуючого
2490,Радник
2490,Трансплант-координатор патолого-анатомічного бюро (бюро судово-медичної експертизи)
3111,Асистент астронома
3111,Асистент геолога
3111,Асистент геолога нафтогазорозвідки
3111,Асистент геофізика
3111,Асистент геохіміка
3111,Асистент гідрогеолога
3111,Асистент метеоролога
3111,Асистент професіонала з інформаційного забезпечення геологорозвідувальних робіт
3111,Асистент фізика
3111,Лаборант (хімічні та фізичні дослідження)
3111,Лаборант з безпеки та якості будівельної продукції
3111,Оператор біолокацій
3111,Технік-агрометеоролог
3111,Технік-аеролог
3111,Технік-геолог
3111,Технік-геофізик
3111,Технік-гідрогеолог
3111,Технік-гідролог
3111,Технік-дозиметрист
3111,Технік-лаборант (хімічні та фізичні дослідження)
3111,Технік-метеоролог
3111,Технік-океанолог
3111,Технік-технолог
3111,Технік-технолог із зварювання
3111,Фахівець з медичної фізики
3111,Фахівець з управління енергозбереженням в будівлях
3111,Фахівець із нетрадиційних видів енергії
3112,Доглядач будови
3112,Кошторисник
3112,Технік з архітектурного проектування
3112,Технік санітарно-технічних систем
3112,Технік-будівельник
3112,Технік-будівельник (дорожнє будівництво)
3112,Технік-гідротехнік
3112,Технік-дизайнер (будівництво)
3112,Технік-доглядач
3112,Технік-лаборант (будівництво)
3112,Технік-проектувальник
3112,Технік-теплотехнік (будівництво)
3112,Технік-технолог (виробництво будівельних виробів і конструкцій)
3113,Диспетчер електромеханічної служби
3113,Диспетчер електропідстанції
3113,Диспетчер ескалаторної служби
3113,Диспетчер перетворювального комплексу
3113,Диспетчер районного (місцевого) диспетчерського пункту
3113,Диспетчер-інформатор
3113,Електрик дільниці
3113,Електрик цеху
3113,Електродиспетчер
3113,Електромеханік
3113,Електромеханік груповий перевантажувальних машин
3113,Електромеханік дільниці
3113,Електромеханік електрозв'язку
3113,Електромеханік з підіймальних установок
3113,Електромеханік загальносуднового електроустаткування
3113,Електромеханік засобів радіо та телебачення
3113,Електромеханік лінійних споруд електрозв'язку та абонентських пристроїв
3113,Електромеханік підводного апарата
3113,Електромеханік підземної дільниці
3113,Електромеханік радіонавігаційної системи
3113,Електромеханік судновий
3113,Електромеханік-наставник
3113,Енергетик
3113,Енергетик виробництва
3113,Енергетик гідровузла (шлюзу)
3113,Енергетик дільниці
3113,Енергетик підземної дільниці
3113,Енергетик цеху
3113,Енергодиспетчер
3113,Енергодиспетчер шляховий
3113,Технік з експлуатації біоенергетичних установок
3113,Технік з експлуатації вітроенергетичних установок
3113,Технік з експлуатації гідроенергетичних установок
3113,Технік з експлуатації сонячних енергетичних установок
3113,Технік-електрик
3113,Технік-енергетик
3113,Технік-конструктор (електротехніка)
3113,Технік-технолог (електротехніка)
3113,"Фахівець з експлуатації електричних станцій, енергетичних установок та мереж"
3113,Фахівець з енергетичного менеджменту
3114,Диспетчер електрозв'язку
3114,Диспетчер поштового зв'язку
3114,Технік електрозв'язку
3114,Технік з радіолокації
3114,Технік з сигналізації
3114,Технік обчислювального (інформаційно-обчислювального) центру
3114,Технік поштового зв'язку
3114,Технік із конфігурованої комп'ютерної системи
3114,Технік із структурованої кабельної системи
3114,Технік-конструктор (електроніка)
3114,Технік-технолог (електроніка)
3114,Фахівець інфокомунікацій
3115,Авіаційний технік з планера та двигунів
3115,Авіаційний технік з приладів та електроустаткування
3115,Авіаційний технік з радіоустаткування
3115,Водолазний фахівець підводного апарата
3115,Диспетчер центру комутації повідомлень
3115,Механік
3115,Механік автомобільної колони (гаража)
3115,Механік бурильно-гідрографічної машини
3115,Механік бурильної установки
3115,Механік вагона-транспортера
3115,Механік вантажного району (дільниці)
3115,Механік виробництва
3115,Механік всюдихода
3115,Механік групи загону
3115,Механік груповий
3115,Механік груповий перевантажувальних машин (навантажувально-розвантажувальних механізмів)
3115,Механік гідровузла (шлюзу)
3115,Механік дизельної та холодильної установок
3115,Механік дренажної шахти (дільниці)
3115,Механік дільниці
3115,"Механік з бурових, гірничих робіт"
3115,Механік з кранового господарства
3115,Механік з підіймальних установок
3115,Механік з ремонту транспорту
3115,Механік з ремонту устаткування
3115,Механік з технічних видів спорту
3115,Механік льодозаводу
3115,Механік навчального полігону
3115,Механік перевантажувальних машин
3115,Механік підземної дільниці
3115,Механік радіонавігаційної системи
3115,Механік рефрижераторних установок
3115,Механік рефрижераторного поїзда (секції)
3115,Механік цеху
3115,Механік ізотермічних вагонів для перевезення живої риби
3115,Механік-налагоджувальник
3115,Старший механік підводного апарата
3115,Теплотехнік
3115,Технік (механік) авіаційний з експлуатації авіаційного устаткування об'єктивного контролю
3115,Технік (механік) авіаційний з експлуатації повітряних суден (систем повітряних суден)
3115,Технік автоматизованих систем траєкторних вимірів
3115,Технік з автоматизації виробничих процесів
3115,Технік з автоматизованих систем льотного контролю
3115,Технік з експлуатації мереж і споруд водопровідно-каналізаційного господарства
3115,Технік з експлуатації та ремонту устаткування
3115,Технік з механізації трудомістких процесів
3115,Технік з об'єктивного контролю
3115,Технік з обслуговування інженерно-технічних засобів охорони (пенітенціарна система)
3115,Технік з інструменту
3115,Технік маяка
3115,Технік-конструктор (механіка)
3115,Технік-механік сільськогосподарського (лісогосподарського) виробництва
3115,Технік-механік із меліорації сільськогосподарського виробництва
3115,Технік-мехатронік
3115,Технік-технолог (механіка)
3115,Фахівець з виготовлення штучного льоду
3115,Черговий по механізованій дистанції навантажувально-розвантажувальних робіт
3116,Технік (хімічні технології)
3116,Технік з електрохімічного захисту
3116,Технік-лаборант (хімічне виробництво)
3117,Диспетчер внутрішньошахтового (шахтового) транспорту
3117,Диспетчер гірничий
3117,Спектроскопіст
3117,Технік з буріння
3117,Технік з видобутку нафти й газу
3117,Технік з експлуатації нафтопроводів
3117,Технік з експлуатації устаткування газових об'єктів
3117,Технік з підготовки та транспортування нафти та газу
3117,Технік-електромеханік гірничий
3117,"Технік-лаборант (видобувна промисловість, металургія)"
3117,Технік-маркшейдер
3117,Технік-технолог (виробництво кольорових металів та сплавів)
3117,Технік-технолог (виробництво сталі та феросплавів)
3117,Технік-технолог (виробництво чавуну)
3117,Технік-технолог (лиття металів)
3117,Технік-технолог (обробка металів тиском)
3117,Технік-технолог гірничий
3117,"Фахівець з піротехнічних, саперних та підривних робіт"
3118,Копіювальник технічної документації
3118,Коректор морських карт і посібників для плавання
3118,Кресляр
3118,Кресляр-конструктор
3118,Технік-гідрограф
3118,Технік-картограф
3118,Технік-конструктор
3118,Технік-топограф
3118,Технік-топограф кадастровий
3119,Інспектор з військово-технічних видів спорту
3119,"Інструктор з експлуатаційних, виробничо-технічних та організаційних питань"
3119,Інструктор з організації служби загону
3119,Диспетчер
3119,Диспетчер автомобільного транспорту
3119,Диспетчер вагонного депо
3119,Диспетчер виробництва
3119,Диспетчер газового господарства
3119,Диспетчер з міжнародних перевезень
3119,Диспетчер зі збору навігаційної інформації
3119,Диспетчер локомотивний дирекції залізничних перевезень
3119,Диспетчер локомотивний шляховий
3119,Диспетчер локомотивного депо
3119,Диспетчер маневровий залізничної станції
3119,Диспетчер пожежного зв'язку
3119,Диспетчер порту
3119,Диспетчер підприємства (району) мереж
3119,Диспетчер служби перевезень
3119,Диспетчер станційний
3119,Класифікатор текстильної сировини
3119,Конфекціонер
3119,Круп'яр
3119,Лаборант (галузі техніки)
3119,Питлівник
3119,Пробірувальник
3119,Стажист-дослідник
3119,Технолог
3119,Технолог ортопедичний
3119,Технік
3119,Технік (сфера захисту інформації)
3119,Технік з аварійно-рятувальних робіт
3119,Технік з аеронавігаційної інформації
3119,Технік з експлуатації та ремонту спортивної техніки
3119,Технік з метрології
3119,Технік з налагоджування та випробувань
3119,Технік з нормування праці
3119,Технік з обліку
3119,Технік з планування
3119,Технік з праці
3119,Технік з промислового рибальства
3119,Технік з підготовки виробництва
3119,Технік з підготовки технічної документації
3119,Технік з фізичного захисту (сфера використання ядерної енергії)
3119,Технік тренажера
3119,Технік із стандартизації
3119,Технік-геодезист
3119,Технік-дефектоскопіст
3119,Технік-протезист-ортезист
3119,Технік-теплотехнік
3119,Технік-технолог (текстильна та легка промисловість)
3119,Технік-технолог з виробництва меблів
3119,Фабрикатор
3119,Фахівець з видавничо-поліграфічного виробництва
3119,Фахівець з технічної експертизи
3119,Фрахтівник
3119,Хронометражист
3119,Хронометражист на підземних роботах
3119,"Черговий локомотивного депо (основного, зворотного)"
3119,"Черговий оперативний (загону, центрального командно-диспетчерського пункту, оперативно-рятувальної служби цивільного захисту та ін.)"
3119,Черговий по депо рухомого складу
3119,Черговий по електродепо
3119,Черговий по залізничній станції
3119,Черговий по станції метрополітену
3121,Технік із системного адміністрування
3121,Технік-програміст
3121,Фахівець з комп'ютерної графіки (дизайну)
3121,Фахівець з розробки та тестування програмного забезпечення
3121,Фахівець з розроблення комп'ютерних програм
3121,Фахівець з інформаційних технологій
3123,Контролер роботів
3123,Технік-фотограмметрист
3131,Аерофотогеодезист
3131,Асистент звукооформлювача
3131,Асистент звукорежисера
3131,Асистент кінооператора
3131,Асистент кінорежисера
3131,Асистент кінорежисера анімаційних (мультиплікаційних) фільмів
3131,Звукооформлювач
3131,Кінооператор
3131,Кінооператор (фотооператор) бортовий
3131,Кінооператор комбінованих зйомок
3131,Кінооператор-постановник
3131,Монтажер
3131,Оператор відеозапису
3131,Оператор звукозапису
3131,Оператор комплексу стенографування та текстооброблення
3131,Оператор обробки та титрування телепередач
3131,Оператор-кінокореспондент
3131,Технік-аерофотограметрист
3131,Фотокореспондент
3131,Фотокореспондент спеціальний
3131,Фототехнік
3131,Фотохудожник
3132,Асистент звукооператора
3132,Асистент телеоператора
3132,Бортрадист
3132,Звукооператор
3132,Оператор радіочастотного контролю
3132,Радист-радіолокаторник
3132,Радіоелектронік
3132,Радіотелеграфіст
3132,Телеоператор
3132,Технік із звукозапису
3132,Фахівець із електронно-комунікаційної інженерії
3133,Оператор медичного устаткування
3139,Технік з діагностичного устаткування
3139,Технік-оператор електронного устаткування
3139,Технік-оператор оптичного устаткування
3139,Технік-оптик
3139,Технік-технолог з виробництва оптичних і оптико-електронних приладів
3141,Інспектор несамохідного флоту
3141,Водолазний фахівець
3141,Гідроакустик
3141,"Другий помічник командира земснаряда (землесоса, дноочищувального снаряда)"
3141,Електромеханік груповий флоту (з флоту)
3141,Електромеханік лінійний флоту (з флоту)
3141,Кранмейстер
3141,Механік (електромеханік) (судновий) - шкіпер
3141,Механік (судновий)
3141,Механік (судновий) - помічник капітана
3141,Механік (судновий) - помічник командира
3141,Механік груповий флоту (з флоту)
3141,Механік з автоматики
3141,Механік крана плавучого
3141,Механік портового флоту
3141,Механік рефрижераторних установок (судновий)
3141,Механік із суднових систем
3141,Спостерігач судновий
3141,Старший механік-капітан
3141,Технік з радіонавігації
3141,Технік-механік з ремонту технологічного устаткування
3141,"Третій помічник командира земснаряда (землесоса, дноочищувального снаряда)"
3141,Уповноважений з приймання суден від суднобудівних заводів
3142,Багермейстер
3142,Багермейстер-капітан
3142,Багермейстер-наставник
3142,Другий помічник капітана (на суднах внутрішнього плавання)
3142,Капітан груповий
3142,Капітан здавальний
3142,Капітан портового пункту
3142,Капітан порту (річкового)
3142,Капітан підводного апарата
3142,Капітан рейду
3142,Капітан флоту
3142,Капітан-координатор
3142,Капітан-кранмейстер
3142,Капітан-наставник
3142,Лоцман
3142,Лоцман-оператор
3142,Помічник капітана - помічник механіка (суднового)
3142,Стивідор
3142,Стивідор у найважливіших морських портах
3142,Третій помічник капітана (на суднах внутрішнього плавання)
3142,Шкіпер
3142,Шкіпер рейду
3142,Штурман
3143,Інженер (механік)-випробувач бортовий
3143,Інженер бортовий
3143,Інженер бортовий авіаційної ескадрильї
3143,Інженер-інспектор бортовий
3143,Інженер-інструктор бортовий
3143,Інспектор-пілот
3143,Бортмеханік
3143,Бортовий оператор-інструктор автоматизованої системи льотного контролю
3143,Бортоператор
3143,Бортоператор вантажних літаків
3143,Бортштурман
3143,Диспетчер пункту збору донесень
3143,Диспетчер пункту передпольотного інформаційного обслуговування
3143,Диспетчер-інструктор диспетчерського тренажера
3143,Електрик-випробувач бортовий
3143,Командир авіаційної ланки
3143,"Командир повітряного судна (літака, вертольота)"
3143,"Командир повітряного судна (пілот, льотчик)-інструктор"
3143,Льотчик-випробувач
3143,Льотчик-спостерігач
3143,Наставник-пілот авіаційного (льотного) загону
3143,Оператор-випробувач бортовий
3143,Пілот (другий пілот)
3143,Радист-випробувач бортовий
3143,Старший бортовий механік авіаційного загону
3143,Старший бортовий оператор авіаційного загону
3143,Старший бортовий радист авіаційного загону
3143,Старший бортовий інженер авіаційного загону
3143,Штурман авіаційного загону
3143,Штурман авіаційної ескадрильї
3143,Штурман авіаційної ланки
3143,Штурман-випробувач
3143,Штурман-інспектор
3144,Диспетчер аеродромного диспетчерського (авіаційно-диспетчерського) пункту
3144,"Диспетчер диспетчерського пункту посадки (кола, підходу)"
3144,Диспетчер з перельотів
3144,Диспетчер з руху (літаків)
3144,Диспетчер з центрування
3144,Диспетчер стартового диспетчерського пункту
3144,Диспетчер управління повітряним рухом
3144,Диспетчер центру керування повітряним рухом
3144,Диспетчер із забезпечення польотів
3144,Диспетчер-інспектор
3144,Диспетчер-інспектор з руху (літаків)
3144,Диспетчер-інструктор
3144,Дистанційний командир безпілотного повітряного судна
3144,Дистанційний пілот безпілотного повітряного судна
3144,Дистанційний пілот-випробувач безпілотного повітряного судна
3144,Дистанційний пілот-інструктор безпілотного повітряного судна
3144,Оператор наземних засобів керування безпілотним літальним апаратом
3144,Старший штурман авіаційного училища
3144,"Старший штурман авіаційної ескадрильї, об'єднаної з аеропортом"
3144,Старший штурман навчального авіаційного центру
3144,Старший штурман об'єднаного авіаційного загону
3144,Штурман авіаційно-технічного спортивного клубу
3144,Штурман аероклубу
3144,"Штурман аеропорту (бюро, групи, служби)"
3144,Штурман дельтапланерного клубу
3144,Штурман наведення
3144,Штурман центрального командно-диспетчерського пункту
3144,"Штурман черговий аеропорту (бюро, групи, служби)"
3144,Штурман-оператор
3144,Штурман-оператор авіаційної космічної та радіолокаційної далекої навігації
3145,Інженер-інспектор з контролю за використанням палива
3145,Технік аеродромної служби
3145,Технік із світлотехнічного та електротехнічного забезпечення польотів
3145,Технік-інспектор з контролю за використанням палива
3145,"Черговий на стоянці, в ангарі"
3151,Інспектор з контролю за технічним утриманням будинків
3151,Інструктор з протипожежної профілактики
3152,Інженер з безпеки руху
3152,Інженер з приймання електропересувного складу
3152,Інженер з приймання ремонтного фонду та видавання готової продукції
3152,Інженер з технічного нагляду
3152,Інженер-інспектор
3152,Інженер-інспектор з безпеки польотів бортовий
3152,Інспектор газотехнічний
3152,Інспектор гідротехнічний
3152,Інспектор гірничотехнічний
3152,Інспектор дипломно-паспортного бюро (відділу)
3152,Інспектор електрозв'язку
3152,Інспектор з безпеки мореплавання
3152,"Інспектор з експлуатаційних, виробничо-технічних та організаційних питань"
3152,Інспектор з контролю якості продукції
3152,Інспектор з контролю якості та використання лісоматеріалів
3152,Інспектор з маломірних суден (маломірного флоту)
3152,Інспектор з охорони праці
3152,Інспектор з реєстрації суден
3152,Інспектор з розслідування аварій суден
3152,"Інспектор з якості хлібопродуктів, плодоовочевих, технічних культур і продукції тваринництва"
3152,Інспектор котлонагляду (з котлонагляду)
3152,Інспектор морський
3152,Інспектор портового нагляду
3152,Інспектор підіймальних споруд
3152,Інспектор технічний
3152,Інспектор у вибухонебезпечних виробництвах
3152,Інспектор шляховий
3152,Інспектор інспекції енергонагляду
3152,Інспектор-капітан
3152,Інспектор-приймальник заводський
3152,Інспектор-пілот з безпеки польотів
3152,Диспетчер поїзний
3152,Диспетчер-інспектор
3152,Капітан портового нагляду
3152,Корабельний інженер порту
3152,Ревізор автомобільного транспорту
3152,Ревізор вагового господарства
3152,Ревізор з безпеки руху
3152,Ревізор з виробничо-технічних і економічних питань
3152,"Ревізор з рухомого складу, колії та споруд"
3152,Ревізор з холодильного господарства
3152,Ревізор руху дирекції залізничних перевезень
3152,Ревізор із збереження вагонного парку
3152,Старший інспектор з гідроспоруд
3152,Старший інспектор з експлуатації атомних станцій
3152,Старший інспектор з експлуатації електростанцій та підприємств мереж
3152,Старший інспектор льотно-виробничої служби центральної бази
3152,Сюрвейєр вантажний
3152,Технік-інспектор
3152,Фахівець (офіцер) охорони компанії (портових засобів)
3211,Асистент біолога
3211,Асистент біохіміка
3211,Асистент хіміка
3211,Лаборант (біологічні дослідження)
3211,Таксидерміст
3211,Технік-еколог
3211,Технік-лаборант
3211,Технік-лаборант (біологічні дослідження)
3211,Фахівець з біотехнології
3211,Фотодактилоскопіст
3212,Інспектор з використання водних ресурсів
3212,Інспектор з охорони природи
3212,Інспектор фітосанітарний
3212,"Агроном відділення (бригади, сільськогосподарської дільниці, ферми, цеху)"
3212,Агротехнік
3212,Асистент дресирувальника морських тварин
3212,Лаборант (ветеринарна медицина)
3212,Технолог з виробництва продукції аквакультури
3212,Технолог з рибальства
3212,Технолог з ідентифікації і реєстрації тварин
3212,Технолог із агрономії
3212,Технолог-гідротехнік
3212,Технолог-рибовод
3212,Технік (природознавчі науки)
3212,Технік ветеринарної медицини
3212,Технік з виробництва продукції аквакультури
3212,Технік лісового господарства
3212,Технік мисливського господарства
3212,Технік із лісозаготівель
3212,Технік-агрохімік
3212,Технік-гідролісомеліоратор
3212,Технік-гідрометрист
3212,Технік-гідротехнік
3212,Технік-землевпорядник
3212,Технік-лісопатолог
3212,Технік-рибовод
3212,Технік-таксатор
3212,Технік-технолог з переробки риби та морепродуктів
3212,Технік-ґрунтознавець
3212,Фахівець з плодоовочівництва і виноградарства
3212,Фахівець садово-паркового господарства
3213,Інструктор службового собаківництва
3213,"Зоотехнік відділення (комплексу, сільськогосподарської дільниці, ферми)"
3213,Майстер лісу
3213,Майстер на лісозаготівельних роботах
3213,Технолог з виробництва та переробки продукції тваринництва
3213,Технік з племінної справи
3213,Технік-технолог з виробництва та переробки продукції тваринництва
3213,Фахівець з бджільництва
3213,Фахівець з організації та ведення фермерського господарства
3213,Фахівець із звірівництва
3221,Диспетчер оперативно-диспетчерської служби (медицина)
3221,Лаборант (медицина)
3221,Лікар-стажист
3221,Парамедик
3221,Помічник лікаря-епідеміолога
3221,Технік-лаборант з клінічної нейрофізіології
3221,Фельдшер
3221,Фельдшер з медицини невідкладних станів
3221,Фельдшер пожежно-рятувального (аварійно-рятувального) підрозділу
3221,Фельдшер санітарний
3221,Фельдшер із санітарної освіти
3222,Інструктор із санітарної освіти
3222,Гігієніст зубний
3224,Оптометрист
3225,Лікар зубний
3225,Помічник лікаря-стоматолога
3225,Технік зубний
3226,Інструктор з трудової адаптації
3226,Інструктор з трудової терапії
3226,Асистент ерготерапевта
3226,Асистент фізичного терапевта
3226,Масажист
3226,Масажист спортивний
3226,Фахівець з фізичної реабілітації
3227,Молодший лікар ветеринарної медицини
3227,Фельдшер ветеринарної медицини
3228,Асистент фармацевта
3228,Лаборант (фармація)
3228,Фармацевт-інтерн
3229,Інструктор з надання догоспітальної допомоги
3229,Логопед
3229,Лікар-інтерн
3229,Рентгенолаборант
3229,Технолог з лабораторної діагностики
3229,Технолог з рентгенологічної діагностики
3229,Фахівець із орієнтування осіб з порушеннями зору
3229,Фельдшер-лаборант
3231,Сестра медична (брат медичний)
3231,Сестра медична (брат медичний) з дієтичного харчування
3231,Сестра медична (брат медичний) з косметичних процедур
3231,Сестра медична (брат медичний) з лікувальної фізкультури
3231,Сестра медична (брат медичний) з масажу
3231,Сестра медична (брат медичний) з реабілітації
3231,Сестра медична (брат медичний) з функціональної діагностики
3231,Сестра медична (брат медичний) з фізіотерапії
3231,Сестра медична (брат медичний) зі стоматології
3231,Сестра медична (брат медичний) милосердя
3231,Сестра медична (брат медичний) поліклініки
3231,Сестра медична (брат медичний) стаціонару
3231,Сестра медична операційна (брат медичний операційний)
3231,Сестра медична патронажна (брат медичний патронажний)
3231,Сестра медична станції (брат медичний) (відділення) швидкої та невідкладної медичної допомоги
3231,Сестра медична-анестезист (брат медичний-анестезист)
3231,Статистик медичний
3231,Технік-ортезист-гіпсовиливальник
3232,Акушерка (акушер)
3241,Натуропат
3241,Фахівець безконтактного масажу
3241,Цілитель
3310,"Вчитель початкових класів (з дипломом фахового молодшого бакалавра, молодшого бакалавра)"
3310,Культорганізатор закладу позашкільної освіти
3320,"Вихователь закладу дошкільної освіти (з дипломом фахового молодшого бакалавра, молодшого бакалавра)"
3330,Асистент викладача професійної (професійно-технічної) освіти
3330,Асистент викладача із соціальної педагогіки
3330,Асистент вихователя закладу дошкільної освіти
3330,Асистент вихователя соціального по роботі з дітьми з інвалідністю
3330,Асистент вчителя
3330,Асистент вчителя спеціальної освіти
3330,Асистент вчителя-дефектолога
3330,Асистент вчителя-логопеда
3330,Асистент вчителя-реабілітолога
3330,Асистент майстра виробничого навчання
3330,Асистент педагога професійного навчання
3340,Інструктор виробничого навчання
3340,Інструктор виробничого навчання робітників масових професій
3340,Інструктор газорятувальної станції
3340,Інструктор допоміжної команди
3340,Інструктор з військово-морської підготовки
3340,Інструктор з навчання практичній їзді
3340,Інструктор з організації роботи народних дружин
3340,Інструктор культурно-просвітнього закладу
3340,Інструктор легководолазної справи
3340,Інструктор парашутної та десантно-пожежної служби
3340,Інструктор підривних робіт
3340,Інструктор із заготівельної діяльності
3340,Інструктор-дезінфектор
3340,Інструктор-методист з альпінізму
3340,Інструктор-методист з туризму
3340,Інструктор-методист контрольно-рятівної служби (загону)
3340,Інструктор-методист у справах осіб з порушеннями слуху
3340,Інструктор-перекладач з обслуговування робітників з порушеннями слуху
3340,Інструктор-радист бортовий
3340,Асистент богослова
3340,Асистент педагога-валеолога
3340,Викладач мистецької школи (за видами навчальних дисциплін)
3340,Вихователь
3340,Вихователь гуртожитку
3340,Вихователь закладу професійної (професійно-технічної) освіти
3340,Катехит
3340,Лаборант (освіта)
3340,Майстер виробничого навчання
3340,Майстер виробничого навчання водінню
3340,Майстер навчального полігону
3340,Майстер навчального центру
3340,Методист з професійної реабілітації
3340,Механік-інструктор бортовий
3340,Оператор-інструктор бортовий
3340,Педагог професійного навчання
3340,Технолог-наставник
3340,Фахівець з фольклористики
3340,Фахівець у сфері позашкільної освіти
3340,"Черговий з режиму (у спеціальних та спеціалізованих закладах, центрах, школах, училищах, притулках тощо)"
3411,Брокер
3411,Дилер
3411,Маклер біржовий
3411,Фахівець з біржових операцій
3411,Фахівець з ведення реєстру власників іменних цінних паперів
3411,Фахівець з депозитарної діяльності
3411,Фахівець з корпоративного управління
3411,Фахівець з управління активами
3411,Фахівець з фінансово-економічної безпеки
3411,Фахівець-організатор торгівлі на ринку цінних паперів
3412,Агент страховий
3412,Страхувальник
3413,Агент з нерухомості
3413,Ріелтер
3413,Торговець (власність)
3413,Торговець нерухомістю
3414,Інструктор оздоровчо-спортивного туризму (за видами туризму)
3414,Екскурсовод
3414,Організатор подорожей (екскурсій)
3414,Організатор туристичної і готельної діяльності
3414,Фахівець з готельного обслуговування
3414,Фахівець з розвитку сільського туризму
3414,Фахівець з туристичного обслуговування
3414,Фахівець із конференц-сервісу
3414,Фахівець із організації дозвілля
3414,Фахівець із спеціалізованого обслуговування
3414,Фахівець із туристичної безпеки
3415,Агент
3415,Агент комерційний
3415,Агент морський
3415,Агент торговельний
3415,Комівояжер
3415,Мерчендайзер
3415,Повірений морський (супервайзер)
3415,Представник торговельний
3415,Торговець (інженерні розробки)
3415,Торговець комерційний
3415,Торговець промисловий
3415,Торговець роз'їзний
3415,Торговець технічний
3415,Уповноважений контори з імпорту худоби
3416,Закупник
3417,Аукціоніст (ліцитатор)
3417,Диспашер
3417,Експерт-консультант із страхування
3417,Оцінювач
3417,Оцінювач (експертна оцінка майна)
3417,Оцінювач-експерт
3417,Фахівець з коштовного каміння (гемолог)
3419,Інспектор з організації інкасації та перевезення цінностей
3419,Інспектор кредитний
3419,Інспектор обмінного пункту
3419,Інспектор торговельний
3419,Інспектор-товарознавець
3419,Організатор з постачання
3419,Організатор із збуту
3419,Товарознавець
3419,Черговий по товарній конторі
3421,Торговельний брокер (маклер)
3422,Агент з митного оформлення
3422,Агент з передачі вантажу на прикордонній станції (пункті)
3422,Агент із замовлень населення на перевезення
3422,Адміністратор пасажирської служби
3422,Експедитор
3422,Експедитор транспортний
3422,Черговий по транспортно-експедиційному підприємству
3422,Черговий служби перевезень аеропортів
3422,Шипчандлер
3423,Інспектор з кадрів
3423,Інспектор з кадрів закордонного плавання
3423,Організатор з персоналу
3423,Фахівець з найму робочої сили
3429,Імпресаріо
3429,Агент податковий
3429,Агент рекламний
3429,Адміністратор знімальної групи
3429,Адміністратор кінотеатру
3429,Адміністратор телевізійних передач
3429,Представник з реклами
3429,Ревізор комерційний
3429,Ревізор комерційний шляховий
3429,Торговець (обслуговування бізнесу та реклами)
3431,Інспектор з контролю за виконанням доручень
3431,Відповідальний секретар редакції
3431,Відповідальний секретар федерації виду спорту
3431,Керуючий справами (секретар) виконавчого комітету
3431,"Оргсекретар (асоціації, союзу, федерації)"
3431,Секретар адміністративний
3431,Секретар виконкому
3431,"Секретар комітету (організації, підприємства, установи)"
3431,Секретар органу самоорганізації населення
3431,Секретар правління
3432,Відповідальний секретар колегії судової
3432,Державний уповноважений
3432,Офісний службовець (недержавні установи юриспруденції)
3432,Офісний службовець (страхування)
3432,Помічник приватного виконавця
3432,Секретар колегії судової
3432,Секретар судового засідання
3432,Секретар суду
3432,Судовий виконавець
3432,Судовий розпорядник
3433,Асистент бухгалтера-експерта
3433,Бухгалтер
3433,Касир-експерт
3434,Асистент актуарія
3434,Асистент економіста-демографа
3434,Асистент економіста-статистика
3434,Асистент математика
3435.1,Організатор діловодства (державні установи)
3435.2,Організатор діловодства (види економічної діяльності)
3435.3,Організатор діловодства (система судочинства)
3436,Адміністративний помічник
3436.1,"Помічник керівника (директора, начальника і т. ін.) установи виконання покарань"
3436.1,"Помічник керівника підприємства (установи, організації)"
3436.1,Референт
3436.2,Помічник керівника виробничого підрозділу
3436.2,Помічник керівника іншого основного підрозділу
3436.3,Помічник керівника малого підприємства без апарату управління
3436.9,Консультант державного нотаріального архіву
3436.9,Консультант державної нотаріальної контори
3436.9,Помічник адвоката
3436.9,Помічник нотаріуса
3436.9,Помічник нотаріуса державного
3436.9,Помічник судді
3436.9,Помічник члена комісії
3436.9,Помічник юриста
3439,Інспектор
3439,Інспектор державний з авіаційного нагляду
3439,Інспектор державний з авіаційного нагляду безпеки авіації
3439,Інспектор державний з авіаційного нагляду льотної експлуатації
3439,Інспектор державний з авіаційного нагляду льотної придатності повітряних суден
3439,Інспектор державний з пожежного нагляду
3439,Інспектор державний з техногенного та екологічного нагляду
3439,Інспектор з військового обліку
3439,Інспектор з обліку та розподілу житлової площі
3439,Інспектор з оборонно-масової роботи
3439,Інспектор з організації захисту секретної інформації
3439,Інспектор з основної діяльності
3439,Інспектор з туризму
3439,Інспектор з інвентаризації
3439,Інспектор протипожежної профілактики (пенітенціарна система)
3439,Інспектор-ревізор
3439,Інструктор
3439,Інструктор аварійно-рятувального (спеціального) підрозділу
3439,Інструктор виконкому з організаційної роботи
3439,Інструктор газодимозахисної служби
3439,Інструктор з організаційно-масової роботи
3439,Інструктор з основної діяльності
3439,Інструктор з радіаційної та хімічної розвідки
3439,Асистент
3439,Асистент географа
3439,Асистент географа (політична географія)
3439,Асистент географа (фізична географія)
3439,Асистент географа-економіста
3439,Асистент соціолога
3439,Асистент фахівця з міського та районного планування
3439,Асистент фахівця з розміщення продуктивних сил та регіональної економіки
3439,Аташе
3439,Віце-консул
3439,Громадський інспектор з використання та охорони земель
3439,Державний інспектор Державної інспекції з експлуатації електричних станцій і мереж
3439,Державний інспектор з нагляду за ядерною та радіаційною безпекою
3439,Дипломатичний кур'єр
3439,Консул
3439,Консульський агент
3439,Організатор громадських заходів
3439,Організатор з обслуговування перевезень (на автотранспорті)
3439,Організатор природокористування
3439,Посланник
3439,Ревізор
3439,Секретар дипломатичного агентства
3439,Секретар колегії (комітету)
3439,"Секретар ради (науково-технічної, наукової, художньо-технічної)"
3439,Секретар творчої спілки
3439,Секретар центрального органу виконавчої влади
3439,Старший державний інспектор Державної інспекції з експлуатації електричних станцій і мереж
3439,Технік з інвентаризації нерухомого майна
3439,Фахівець
3439,Фахівець з організації кондомініумів
3439,Фахівець з організації побутового обслуговування
3439,Фахівець з пожежної безпеки
3439,Фахівець з радіаційного та хімічного захисту
3439,Фахівець з режиму секретності
3439,Фахівець з інтерв'ювання
3439,Фахівець оперативно-рятувальної служби цивільного захисту
3439,Фахівець із організації захисту інформації з обмеженим доступом
3439,Фахівець із організації інформаційної безпеки
3441,Інспектор митний
3442,Інспектор з контролю за цінами
3442,Головний державний податковий інспектор
3442,Державний податковий інспектор
3442,Ревізор-інспектор податковий
3443,Інспектор з виплати пенсій
3443,Інспектор з призначення пенсій
3443,Інспектор з соціальної допомоги
3444,Інспектор з ліцензування
3449,Інженер-інспектор (органи державної влади)
3449,"Інспектор (цін, мір та ваг і т. ін.)"
3449,Інспектор державний електрозв'язку
3449,Інспектор державний з конвенційного рибальства
3449,Інспектор державний з маломірних суден
3449,Інспектор державний з питань цивільного захисту та техногенної безпеки
3449,Інспектор державний з якості товару та торгівлі
3449,Інспектор державний рибоохорони
3449,Інспектор державний із закупівлі та якості сільськогосподарських продуктів
3449,Інспектор з експорту
3449,Інспектор з охорони природно-заповідного фонду
3449,Інспектор прикордонної служби
3449,Інспектор санітарний
3449,Державний гірничотехнічний інспектор на вугільних шахтах з підземними роботами
3449,Державний фітосанітарний інспектор
3449,Державний інспектор з ветеринарної медицини
3449,Державний інспектор з енергетичного нагляду
3449,Державний інспектор з карантину рослин
3449,Державний інспектор з охорони прав на сорти рослин
3449,Державний інспектор з ринкового нагляду
3449,Старший державний інспектор з енергетичного нагляду
3450,Інспектор воєнізованої охорони
3450,Помічник приватного детектива
3450,Фахівець з організації майнової та особистої безпеки
3451,Інспектор (поліція)
3451,Інспектор з дізнання
3451,Інструктор
3451,Дізнавач
3451,Дільничний офіцер поліції
3451,Оперуповноважений
3451,Поліцейський офіцер громади
3451,Слідчий (з дипломом бакалавра)
3452,Інспектор (пенітенціарна система) (з дипломом бакалавра)
3452,Інструктор з професійної підготовки (пенітенціарна система)
3452,Відповідальний (старший) по корпусу (корпусному відділенню) (пенітенціарна система)
3460,Асистент вихователя виправно-трудового закладу
3460,Аудіодискриптор (тифлокоментатор)
3460,Посередник громади
3460,Соціальний працівник (допоміжний персонал)
3460,Фахівець з вирішення конфліктів (побутова сфера)
3471,Асистент художника-реставратора
3471,Десинатор
3471,Дизайнер (художник-конструктор) (з дипломом молодшого спеціаліста)
3471,Дизайнер-виконавець
3471,Дизайнер-виконавець графічних робіт
3471,Дизайнер-виконавець меблів
3471,Дизайнер-виконавець мультимедійних об'єктів
3471,Дизайнер-виконавець одягу
3471,Дизайнер-виконавець пакування
3471,Дизайнер-виконавець промислових виробів та об'єктів
3471,Дизайнер-виконавець тканини
3471,Дизайнер-виконавець інтер'єру
3471,Колорист (художник)
3471,Мозаїст монументально-декоративного живопису
3471,Скульптор-виконавець
3471,Фахівець з перукарського мистецтва та декоративної косметики
3471,Художник ектопротезного кабінету
3471,Художник з освітлення
3471,Художник-бутафор
3471,Художник-виконавець
3471,Художник-гример
3471,Художник-декоратор театрально-видовищного підприємства
3471,Художник-декоратор телебачення
3471,Художник-костюмер
3471,Художник-лялькар
3471,Художник-оформлювач
3471,Художник-оформлювач театралізованих вистав
3471,Художник-шрифтовик телебачення
3472,Ведучий дискотеки
3472,Диктор
3472,Диск-жокей
3472,Суфлер
3472,Фахівець з інтерв'ювання (засоби масової інформації)
3473,Концертмейстер (з дипломом молодшого спеціаліста)
3473,"Музикант (у сквері, переході, нічному клубі, на вулиці, майдані)"
3473,Розпорядник танцювального вечора
3473,"Співак (у сквері, переході, на вулиці, майдані)"
3473,Співак-бандурист
3473,Танцюрист у нічному клубі
3474,Ілюзіоніст
3474,Імітатор
3474,Інспектор манежу (що веде виставу)
3474,Акробат (цирковий)
3474,Актор (заклади культури та мистецтва)
3474,"Артист естрадно-спортивного, ілюзіонного та інших оригінальних естрадних жанрів"
3474,Артист на трапеції
3474,"Артист цирку (акробат, жонглер, клоун та ін.)"
3474,Артист-дресирувальник тварин
3474,Артист-дресирувальник хижих звірів
3474,Артист-канатоходець
3474,"Асистент циркового номера, колективу"
3474,Гіпнотизер
3474,Дресирувальник диких тварин
3474,Жонглер
3474,Клоун
3474,Комік цирковий
3474,Лялькар
3474,Організатор концертів і лекцій
3474,Організатор культурно-дозвіллєвої діяльності
3474,Повітряний гімнаст
3474,Приборкувач диких тварин
3474,Репетитор циркових номерів
3474,Фокусник
3474,Шапітмейстер
3475,Інструктор з аеробіки
3475,Інструктор з фізкультури
3475,Інструктор навчально-тренувального пункту
3475,Інструктор парашутно-десантної підготовки
3475,Інструктор із стройової та фізичної підготовки
3475,Інструктор-дельтапланерист
3475,Інструктор-методист з виробничої гімнастики
3475,Інструктор-методист з дельтапланеризму
3475,Інструктор-методист з технічних і військово-прикладних видів спорту
3475,Інструктор-методист з фізичної культури та спорту
3475,Інструктор-методист спортивної школи
3475,Інструктор-методист тренажерного комплексу (залу)
3475,Інструктор-парашутист
3475,Дельтапланерист-випробувач
3475,Жокей
3475,Парашутист-випробувач
3475,Парашутист-рятувальник
3475,Парашутист-укладальник парашутів
3475,Спортсмен-професіонал з виду спорту
3475,Спортсмен-інструктор
3475,Спортсмен-інструктор збірної команди України
3475,Суддя з виду спорту
3475,Суддя з випробування племінних коней
3475,"Тренер з виду спорту (федерації, збірної чи клубної команди, спортивної школи і т. ін.)"
3475,"Тренер-викладач з виду спорту (спортивної школи, секції і т. ін.)"
3475,Тренер-методист
3475,Фітнес-тренер
3476,"Керівник аматорського дитячого колективу (гуртка, студії та ін.)"
3476,Керівник аматорського колективу (за видами мистецтва)
3476,Організатор театралізованих народних свят та обрядів
3479,"Артист (оркестру, хору, ансамблю, естради та ін.) (з дипломом молодшого спеціаліста)"
3479,Артист балету (з дипломом молодшого спеціаліста)
3479,Фахівець з бібліотечної справи
3480,Регент
3480,"Релігійний проповідник (катехит, євангеліст, благовісник, меламед, муедзин та ін.)"
3480,"Служитель (паламар, дяк, помічник капелана і т. ін.)"
3491,Лаборант наукового підрозділу (інші сфери (галузі) наукових досліджень)
3491,Технік-радіометрист
3510,Технік-технолог з переробки плодоовочевої продукції
3520,Технік-технолог з бродильного виробництва та виноробства
3530,Технік-технолог з виробництва молочних продуктів
3540,Технік-технолог з виробництва м'ясних продуктів
3550,"Технік-технолог з виробництва борошняних, кондитерських виробів та харчоконцентратів"
3560,Технік-технолог зі зберігання та переробки зерна
3570,Технік-технолог з технології харчування
3570,Шеф-кухар
3590,Технік-технолог з виробництва жирів і жирозамінників
3590,Технік-технолог з виробництва полісахаридів
3590,Технік-технолог з виробництва цукристих речовин
4111,Офісний службовець (друкування)
4111,Стенографіст
4112,Оператор комп'ютерного набору
4112,Оператор комп'ютерної верстки
4112,Оператор копіювальних та розмножувальних машин
4112,Оператор інформаційно-комунікаційних мереж
4112,Укладальник тексту
4112,Шифрувальник
4113,Гідрометеоспостерігач
4113,Кібероператор
4113,Оператор з обробки інформації та програмного забезпечення
4114,Оператор з уведення даних в ЕОМ (ОМ)
4115,Асистент референта
4115,Диспетчер факультету
4115,Секретар
4115,"Секретар керівника (організації, підприємства, установи)"
4115,Секретар навчальної частини (диспетчер)
4115,Секретар незрячого фахівця
4115,Секретар-стенографіст
4121,Калькулятор
4121,Нарядник
4121,Обліковець з реєстрації бухгалтерських даних
4121,Офісний службовець (аудит)
4121,Офісний службовець (аукціон)
4121,Офісний службовець (бухгалтерія)
4121,Офісний службовець (каса)
4121,Офісний службовець (розрахунок собівартості)
4121,Рахівник
4121,Таксувальник
4121,Таксувальник перевізних документів
4121,Тарифікатор
4121,Тарифікатор агентства повітряних сполучень і аеропорту
4122,Оператор з розрахунків за використаний газ
4122,Офісний службовець (боргові зобов'язання)
4122,Офісний службовець (застава та іпотека)
4122,Офісний службовець (кредит)
4122,Офісний службовець (оцінка вартості)
4122,Офісний службовець (статистика)
4122,Офісний службовець (цінні папери)
4122,Офісний службовець (інвестиції)
4122,Статистик
4131,Агент з постачання
4131,Диспетчер з відпуску готової продукції
4131,Контролер фільмів кінопрокату
4131,Офісний службовець (постачання)
4131,Офісний службовець (реєстрація та облік)
4131,Працівник з господарської діяльності закладу охорони здоров’я
4131,Приймальник золота стоматологічних установ (підрозділів)
4131,Приймальник пункту прокату
4131,Приймальник сільськогосподарських продуктів та сировини
4131,Сестра-господиня
4131,Службовець на складі (комірник)
4131,Тальман
4132,Офісний службовець (планування виробництва)
4132,Приймальник замовлень
4133,Інформатор судноплавної обстановки
4133,Агент з розшуку вантажів та багажу
4133,Нарядник багажного відділення
4133,Нарядник локомотивних (поїзних) бригад
4133,Оператор авіаційного електрозв'язку
4133,Оператор бюро з обліку переходу вагонів
4133,Оператор вагонного депо
4133,"Оператор диспетчерської руху та навантажувально-розвантажувальних робіт на автомобільному (морському, річковому) транспорті"
4133,Оператор диспетчерської служби
4133,Оператор електродепо метрополітену
4133,Оператор з оброблення перевізних документів
4133,Оператор з інформації про вантажопоштові перевезення
4133,Оператор з інформації про підхід і прибуття вантажів
4133,Оператор пасажирської та вантажної служби
4133,Оператор при маневровому диспетчері залізничної станції
4133,Оператор при черговому по дирекції залізничних перевезень
4133,Оператор при черговому по локомотивному депо
4133,Оператор при черговому по станції
4133,Оператор промивально-пропарювальної станції
4133,Оператор служби перевезень
4133,Оператор служби руху
4133,Оператор станційного технологічного центру оброблення поїзної інформації та перевізних документів
4133,Оператор технічних засобів контролю на безпеку
4133,Офісний службовець (перевезення вантажів)
4133,Пломбувальник вагонів та контейнерів
4133,Старший оператор диспетчерської руху флоту
4133,Старший черговий агентства повітряних сполучень
4133,Черговий аеропорту
4133,Черговий з комплектування пасажирського завантаження
4133,Черговий з приймання і відправлення поїздів метрополітену
4133,Черговий на переправі
4133,Черговий по вокзалу
4133,Черговий по парку (на залізничному транспорті)
4133,Черговий по пункту транспортно-експедиційного підприємства на вокзалі (автостанції)
4133,Черговий по роз'їзду
4133,Черговий по сортувальній гірці
4133,Черговий пульта керування
4133,Черговий пункту обороту локомотивів
4133,Черговий пункту підміни локомотивних бригад
4133,Черговий станційного поста телекерування
4133,Черговий станційного поста централізації
4141,Архіваріус
4141,Оброблювач інформаційного матеріалу
4141,Офісний службовець (бібліотека)
4141,Офісний службовець (копіювання документів)
4141,Офісний службовець (систематизація документів)
4141,Офісний службовець (фотокопіювання)
4141,Підбирач довідкового та інформаційного матеріалу
4141,Укладач кінопрограм
4142,Експедитор (перевезення пошти)
4142,Контролер технічний поштових вагонів
4142,Листоноша (поштар)
4142,Оброблювач замовлень
4142,Оператор експедиційних машин
4142,Сортувальник поштових відправлень та виробів друку
4142,Фельд'єгер
4142,Черговий відповідальний за обмін пошти
4142,Черговий з відправлення та одержання матриць
4142,Черговий з оформлення супровідної документації
4142,Черговий з підготовки рейсових карток
4143,Кодифікатор
4143,Кодувальник
4143,Коректор (коригування морських карт і посібників для плавання)
4143,Коректор (коригування текстів)
4144,Діловод
4144,Офісний службовець (документознавство)
4144,Паспортист
4144,Переписувач нот
4144,Переписувач нот за Брайлем
4144,Писар
4190,Інтерв'юер
4190,Готувач основи для мультиплікаційних малюнків
4190,Друкар субтитрування
4190,Контролер регламентного бюро
4190,Макетник макетно-модельного проектування
4190,Макетник театрально-постановочних макетів
4190,Макетник художніх макетів
4190,Монтажник експозиції та художньо-оформлювальних робіт
4190,Монтажник негатива
4190,Монтажник позитива
4190,Обліковець
4190,Освітлювач
4190,Планшетист
4190,Піротехнік
4190,Реставратор фільмокопій
4190,Розфарбовувач законтурованих малюнків
4190,Спостерігач за забрудненням природного середовища
4190,Табельник
4190,Укладач опису об'єктів населених пунктів
4190,Установник декорацій
4190,Установник художніх творів
4190,Фільмоперевіряльник
4211,"Касир (на підприємстві, в установі, організації)"
4211,Касир багажний
4211,Касир квитковий
4211,Касир товарний (вантажний)
4211,Касир торговельного залу
4211,Контролер квитків
4211,Контролер ломбарду
4211,Контролер пасажирського транспорту
4211,Контролер перонний (квитковий)
4211,Контролер-касир
4211,Контролер-ревізор
4211,Оператор автоматизованого розрахунку у готелі
4211,"Черговий залу ігрових автоматів, атракціонів і тирів"
4212,Інкасатор
4212,Інкасатор-водій автотранспортних засобів
4212,Касир (в банку)
4212,Касир-оператор автоматизованої системи оброблення банкнот
4212,Касир-операціоніст
4212,Контролер у банку
4212,Обмінювач грошей
4212,Операціоніст (банк)
4213,Букмекер
4213,Круп'є
4214,Кредитор
4214,Лихвар
4215,Збирач благодійних внесків
4215,Збирач боргових платежів
4215,Контролер ринку
4215,Паркувальник
4221,Агент з організації туризму
4221,Офісний службовець (подорожі)
4222,Адміністратор
4222,Адміністратор (господар) залу
4222,Адміністратор черговий
4222,Офіс-адміністратор
4222,Офісний службовець (інформація)
4222,Ресепшіоніст
4222,Реєстратор
4222,Реєстратор медичний
4222,"Черговий (інші установи, підприємства, організації)"
4222,Черговий відповідальний по міністерству (відомству)
4222,Черговий з надання довідок
4222,Черговий пульта (пункт централізованого спостереження)
4222,Черговий у залі більярдному
4222,Черговий інформаційно-довідкової служби
4223,Оператор електрозв'язку
4223,Оператор поштового зв'язку
4223,Радіооператор
4223,Радіотелефоніст
4223,Телеграфіст
4223,Телефоніст довідкової служби міської телефонної мережі
4223,Телефоніст міжміського телефонного зв'язку
4223,Телефоніст місцевого телефонного зв'язку
4223,Фотооператор
4229,Адміністратор програм радіо та телебачення
4229,Оператор електронно-комунікаційних послуг
5111,Інспектор-провідник бортовий
5111,Інструктор-провідник бортовий
5111,Агент з доставки замовлених квитків
5111,Агент з організації обслуговування авіаперевезень
5111,Агент з приймання замовлень на квитки
5111,Бортпровідник
5111,Бортпровідник судновий
5111,Евакуатор
5111,Прийомоздавальник вантажу та багажу
5111,Прийомоздавальник вантажу та багажу в поїздах
5111,Старший бортовий провідник служби бортпровідників
5111,Стюард (послуги у дорозі)
5111,Черговий з організації групових пасажирських перевезень
5111,Черговий з реєстрації пасажирів
5111,Черговий з реєстрації транзитних пасажирів
5111,Черговий на зустрічі та посадці пасажирів
5111,Черговий по відновному поїзду
5111,"Черговий по залу (вокзалу, залізничного агентства обслуговування пасажирів)"
5111,Черговий із забезпечення харчування пасажирів
5112,Кондуктор громадського транспорту
5112,Провідник
5112,Провідник пасажирських вагонів у парках відстою вагонів
5112,Провідник пасажирського вагона
5112,Провідник службово-технічного вагона
5112,Провідник із супроводження вантажів
5112,Провідник із супроводження локомотивів і пасажирських вагонів у неробочому стані
5113,Груповод
5121,Економка
5121,Комендант
5121,Комендант будинку
5121,Комендант об'єкта
5121,Консьєрж готельного комплексу
5121,Оператор з диспетчерського обслуговування ліфтів
5121,Портьє
5121,Стюард (готелі та інші місця розміщення)
5121,Черговий по будинку відпочинку локомотивних (поїзних) бригад
5121,"Черговий по поверху (готелю, кемпінгу, пансіонату)"
5122,Виробник харчових напівфабрикатів
5122,Кухар
5122,Кухар дитячого харчування
5122,Кухар судновий
5122,Кухар-матрос
5122,Кухар-стюард
5123,Бариста
5123,Бармен
5123,Бармен судновий
5123,Буфетник
5123,Буфетник судновий
5123,Готувач молочних коктейлів
5123,Готувач напоїв
5123,Метрдотель
5123,Офіціант
5123,Офіціант судновий
5123,Сомельє
5123,Стюард
5123,Стюард (заклади ресторанного господарства)
5129,Інструктор з навчання закладу ресторанного господарства
5129,Майстер готельного обслуговування
5129,Майстер ресторанного обслуговування
5129,Майстер ресторанного обслуговування (водний транспорт)
5129,Працівник з обслуговування ресторанного обладнання
5129,Працівник закладу ресторанного господарства
5129,Чистильник приміщень (клінер)
5131,Гувернер
5131,Нянька
5131,Помічник вихователя
5131,Помічник вчителя
5132,Інструктор з надання першої допомоги
5132,Екстрений медичний технік
5132,"Молодша медична сестра (молодший медичний брат) (санітарка, санітарка-прибиральниця, санітарка-буфетниця, санітар, санітар-прибиральник, санітар- буфетник та ін.)"
5132,Молодша медична сестра (молодший медичний брат) з догляду за хворими
5132,Оператор оперативно-диспетчерської служби (медицина)
5133,Перекладач жестової мови (сурдоперекладач)
5133,Соціальний робітник
5133,Супроводжувач осіб з інвалідністю
5139,Виконавець доручень бюро побутових послуг
5139,Оператор з обслуговування плавальних басейнів
5139,Помічник ветеринара
5139,Помічник фармацевта
5139,Стюард (інші послуги фізичним та юридичним особам)
5141,Вимірювач фізичних даних людини
5141,Візажист
5141,Візажист-стиліст
5141,Гример-пастижер
5141,Косметик
5141,Майстер банно(лазне)-оздоровчих послуг
5141,Манікюрник
5141,Пастижер
5141,Педикюрник
5141,Перукар (перукар-модельєр)
5141,Перукар собак
5142,Камердинер
5142,Покоївка
5143,Бальзамувальник
5143,Доглядач кладовища (колумбарію)
5143,Машиніст ритуального устаткування
5143,Робітник з обслуговування місць поховань
5143,Робітник ритуальних послуг
5143,Розпорядник похорону
5143,Трунар
5149,Інструктор з індивідуального навчання водінню
5149,Інструктор підводного плавання (рекреаційний дайвінг)
5149,Інструктор спортивний з туристичного супроводу (за видами туризму)
5149,"Інструктор тиру (малокаліберного, пневматичного)"
5149,Вимірювач об'єктів нерухомого майна
5149,Водій-інструктор
5149,Організатор ритуалу
5149,Провідник (за видами туризму)
5149,Розпорядник Палацу одружень
5149,Стюард (стадіони та інші спортивні споруди)
5151,Астролог
5152,Ворожка
5152,Хіромант
5161,Інструктор авіапожежної команди
5161,Інструктор парашутно-пожежної групи
5161,Десантник-пожежний
5161,Парашутист-пожежний
5161,Пожежний (респіраторник)
5161,Пожежний-рятувальник
5161,Спостерігач-пожежний
5161,Старший інспектор парашутної та десантно-пожежної служби центральної бази
5162,Інструктор (молодший склад поліції)
5162,Командир відділення (поліція)
5162,Командир катера (поліція)
5162,Молодший інспектор (поліція)
5162,Начальник конвою
5162,"Начальник стрільбища (тиру, полігону)"
5162,Оператор служби «102»
5162,Оператор стрільбища
5162,Поліцейський (за спеціалізаціями)
5162,Поліцейський патрульної служби
5162,Поліцейський поліції особливого призначення
5162,Помічник дільничного офіцера поліції
5162,Помічник командира взводу (поліція)
5162,Помічник начальника пункту
5162,Помічник оперуповноваженого
5162,Помічник слідчого
5162,Старшина (поліція)
5163,Молодший інспектор (пенітенціарна система)
5163,Молодший інспектор-черговий (пенітенціарна система)
5164,Інструктор з фізичної підготовки і спорту (військова служба)
5164,Бойовий медик
5164,Верхолаз (військова служба)
5164,Доброволець територіальної оборони
5164,Контролер (особливо важливі державні об’єкти)
5164,Механік-водій
5164,Навідник
5164,Навідник-оператор
5164,Снайпер
5169,Єгер
5169,Командир відділення (сфера цивільного захисту)
5169,Командир відділення оперативно-рятувальної служби цивільного захисту
5169,"Командир пункту (газорятувального, гірничорятувального, підземного, аварійно-рятувального, пожежно-рятувального)"
5169,Контролер на контрольно-пропускному пункті
5169,Майстер з обслуговування засобів індивідуального захисту органів дихання та компресорного обладнання
5169,Майстер службової кінології
5169,Молодший інспектор прикордонної служби
5169,Оператор автоматичного газового захисту
5169,Оператор сейсмопрогнозу
5169,Охоронець
5169,Охоронник
5169,Охоронник-пожежний
5169,Помічник чергового
5169,Провідник (вожатий) службових собак
5169,Прожекторист
5169,Рятувальник
5169,Рятувальник гірський
5169,Рятувальник-верхолаз
5169,Рятувальник-кінолог
5169,Рятувальник-хімік
5169,Сапер (розмінування)
5169,Стрілець
5169,Черговий бюро перепусток
5210,Демонстратор зачісок
5210,Манекенник
5210,Модель
5210,Натурник
5220,Дегустатор (рекламна діяльність)
5220,Демонстратор товарів (рекламна діяльність)
5220,Демонстратор-консультант з продажу інформаційно-комунікаційного устаткування
5220,Комплектувальник товарів
5220,Продавець непродовольчих товарів
5220,Продавець продовольчих товарів
5220,Продавець-консультант
5220,Фасувальник медичних виробів
5230,Кіоскер
5230,"Продавець (з лотка, на ринку)"
5230,Торговець рибою
5311,Відеотекар
5311,Фонотекар
5311,Фототекар
5311,Фільмотекар
5312,Виконавець художньо-оформлювальних робіт
5312,Декоратор вітрин
5312,"Оформлювач вітрин, приміщень та будівель"
5312,Реквізитор
6111,Ефіроолійник
6111,Овочівник
6111,Плодоовочівник
6111,Рисівник
6111,Тютюнник
6112,Виноградар
6112,Винороб
6112,Садовод
6112,Хмеляр
6113,Грибовод
6113,Квітникар
6113,Озеленювач
6113,Оператор технологічного устаткування в спорудах захищеного ґрунту
6113,Робітник зеленого будівництва
6113,Садівник
6113,Садівник (біля будинку)
6121,Віварник
6121,Готувач кормів (тваринництво)
6121,Гуртівник
6121,Дояр
6121,Зоолаборант розплідника лабораторних тварин
6121,Коняр
6121,Кролівник
6121,Оператор з ветеринарного оброблення тварин
6121,Оператор машинного доїння
6121,Оператор свинарських комплексів і механізованих ферм
6121,Оператор тваринницьких комплексів та механізованих ферм
6121,Оператор цехів для приготування кормів (тваринництво)
6121,Оператор із штучного осіменіння тварин та птиці
6121,Провідник із супроводження тварин
6121,Санітар (ветеринарна медицина)
6121,Свинар
6121,Тваринник
6121,Чабан
6122,Оператор птахофабрик та механізованих ферм
6122,Оператор інкубаторно-птахівничої станції
6122,Птахівник
6123,Бджоляр
6123,Лаборант з гренажу
6123,Майстер з комплексного обслуговування об’єктів бджільництва
6123,Шовківник
6124,Звірівник
6124,Звірівник зоологічних баз
6124,Зоолаборант серпентарію
6124,Собаківник
6129,Ідентифікатор тварин
6129,Кінолог
6129,Наїзник
6129,Оброблювач шкур (тваринництво)
6129,Робітник з догляду за тваринами
6129,Тренер коней
6131,Робітник з комплексного обслуговування сільськогосподарського виробництва
6131,Робітник фермерського господарства
6131,Фермер
6141,Вальник лісу
6141,Здавач експортних лісоматеріалів
6141,Контролер лісозаготівельного виробництва
6141,Лісник
6141,Лісоруб
6141,Навальник-штабелювальник деревини
6141,Робітник на лісокультурних (лісогосподарських) роботах
6141,Розмітник хлистів
6141,Чокерівник
6142,Здіймальник
6151,Заготівник водоростей
6151,Машиніст машин та механізмів внутрішніх водоймищ
6151,Моревод
6151,Природоохоронник
6151,Рибовод (кваліфікований робітник)
6152,Інструктор із спортивного рибальства
6152,Виробник знарядь лову
6152,Машиніст рибопромислових машин та механізмів (внутрішні та прибережні води)
6152,Приймальник плавзасобів
6152,Рибалка прибережного лову
6153,Машиніст рибопромислових машин та механізмів (відкрите море)
6154,Герпетолог
6190,Бригадир на дільницях основного виробництва (інші сільськогосподарські робітники та рибалки)
7111,Ізолювальник (будівництво метрополітенів)
7111,Відбірник геологічних проб
7111,Готувач басейнів
7111,Гірник з попередження та гасіння пожеж
7111,Гірник з ремонту гірничих виробок
7111,Гірник на геологічних роботах
7111,Гірник на допоміжних роботах в шахтах
7111,Гірник на маркшейдерських роботах
7111,Гірник на очисних роботах в шахтах
7111,Гірник на підготовчих роботах в шахтах
7111,Гірник очисного забою
7111,Гірник підземний
7111,"Гірник розсипних родовищ,"
7111,Забійник
7111,Забійник на відбійних молотках
7111,Замірник на топографо-геодезичних і маркшейдерських роботах
7111,Збагачувач мінералів та шліхів
7111,Каротажник
7111,Колій плит та блоків
7111,Кріпильник
7111,Люковий (гірничі роботи)
7111,Монтажник геодезичних знаків
7111,Набирач проб у шахті
7111,Оббирач гірничих виробок
7111,Пресувальник торфових виробів
7111,Прохідник
7111,Прохідник гірничих схилів
7111,Прохідник на поверхневих роботах
7111,Регулювальник хвостового господарства
7111,Респіраторник
7111,Стовбуровий (поверхневий)
7111,Стовбуровий (підземний)
7111,Терморізальник
7112,Майстер-підривник
7112,Підривник
7112,Підривник (спеціальні хімічні виробництва)
7112,Підривник на лісових роботах
7112,Підривник-розрядник боєприпасів
7113,Калібрувальник-розкрійник
7113,"Каменотес (будівельні, монтажні та ремонтно-будівельні роботи)"
7113,Каменотес (оброблення каменю)
7113,Контролер виробів із слюди
7113,Розпилювач каменю (виробництво художніх виробів)
7113,Різьбяр по каменю
7115,Оператор вагового устаткування
7120,Деревообробник будівельний
7120,Монтажник будівельний
7122,Вогнетривник
7122,Муляр
7122,Пічник
7122,Реставратор пам'яток кам'яної архітектури
7122,Укладальник промислових залізобетонних труб
7122,Укладальник промислових цегляних труб
7122,Футерувальник (кислототривник)
7122,Футерувальник-муляр
7122,Футерувальник-шамотник на ремонті ванн
7123,Бетоняр
7123,Цементатор
7124,Комплектувальник панелей
7124,Реставратор пам'яток дерев'яної архітектури
7124,Столяр будівельний
7124,Столяр судновий
7124,Столяр-верстатник (будівельні роботи)
7124,Тесляр
7129,Бригадир (звільнений) з поточного утримання й ремонту колій та штучних споруд
7129,Бруківник
7129,Верхолаз
7129,Дорожньо-колійний робітник
7129,Землекоп
7129,Колійний робітник на озері
7129,Монтажник гіпсокартонних конструкцій
7129,Монтажник систем утеплення будівель
7129,Монтажник-складальник алюмінієвих конструкцій
7129,Монтажник-складальник металопластикових конструкцій
7129,Монтер колії
7129,Обхідник колій та штучних споруд
7129,Ремонтник штучних споруд
7129,Ремонтувальник висотних частин будинків
7129,Ремонтувальник площинних спортивних споруд
7129,Робітник з комплексного обслуговування й ремонту будинків
7129,"Річковий робітник на підводно-технічних, габіонних і фашинних роботах, що виконуються з поверхні"
7129,Тунельний робітник
7131,Покрівельник рулонних покрівель та покрівель із штучних матеріалів
7131,Покрівельник сталевих покрівель
7131,Реставратор покрівельних покриттів
7132,Лицювальник синтетичними матеріалами
7132,Лицювальник-мармурник
7132,Лицювальник-мозаїст
7132,Лицювальник-плиточник
7132,Лицювальник-полірувальник
7132,Паркетник
7133,Ліпник архітектурних деталей
7133,Модельник архітектурних деталей
7133,Реставратор декоративних штукатурок і ліпних виробів
7133,Штукатур
7134,Ізолювальник (спеціальні виробництва)
7134,Ізолювальник з термоізоляції
7134,Ізолювальник на гідроізоляції
7134,Ізолювальник судновий
7134,Ізолювальник шнура (спеціальні хімічні виробництва)
7134,Ізолювальник-плівочник
7134,Кислототривник-вініпластник
7134,Кислототривник-гумувальник
7135,Вітражник
7135,Скляр
7136,Бортоператор з перевірки магістральних трубопроводів
7136,Водопровідник доменної печі
7136,Водопровідник шахтної печі
7136,Заправник поливально-мийних машин
7136,Контролер водопровідного господарства
7136,Контролер газового господарства
7136,Контролер теплового господарства
7136,Монтажник зовнішніх трубопроводів
7136,Монтажник санітарно-технічних систем і устаткування
7136,Монтажник санітарно-технічного устаткування
7136,Монтажник технологічних трубопроводів
7136,Обхідник водопровідно-каналізаційної мережі
7136,Слюсар з аварійно-відбудовних робіт у газовому господарстві
7136,Слюсар з виготовлення вузлів та деталей технологічних трубопроводів
7136,Слюсар з виготовлення й ремонту трубопроводів
7136,Слюсар з експлуатації та ремонту підземних газопроводів
7136,Слюсар-сантехнік
7136,Трубозгинальник судновий
7136,Трубопровідник лінійний
7136,Трубопровідник судновий
7137,Електромонтажник з освітлення та освітлювальних мереж
7137,Електрослюсар будівельний
7139,Ізолювальник (будівельні роботи)
7139,Кесонник будівельний
7139,Кислототривник (будівельні роботи)
7139,Лицювальник (будівельний)
7139,Механік технічних систем будівель
7139,Монтажник мереж зв'язку (будівельні роботи)
7139,Монтажник свїтлопрозорих та вентильованих фасадів
7139,Монтажник стельових конструкцій
7139,Монтажник інженерних систем будівель
7139,Опоряджувальник будівельний
7139,Покрівельник будівельний
7139,Слюсар-монтажник технологічних трубопроводів
7139,Укладальник підлогових покриттів
7141,Контролер малярних робіт
7141,Лакувальник художніх виробів
7141,Маляр
7141,Маляр з оброблення декорацій
7142,Лакувальник підносів
7142,Малювальник емалями
7142,Опоряджувальник виробів з деревини
7142,Реставратор декоративно-художніх фарбувань
7142,Фарбувальник приладів і деталей
7143,Піскоструминник
7143,Сажотрус
7211,Бригадир дільниці приготування формувальної суміші
7211,Гідрочистильник
7211,Заварник відливок
7211,Кокільник-складальник
7211,Комплектувальник моделей
7211,Обпилювач фасонних відливок
7211,Обрубувач
7211,Піскозліплювальник
7211,Складальник форм
7211,Стрижневик машинного формування
7211,Стрижневик ручного формування
7211,Формувальник з виплавлюваних моделей
7211,Формувальник машинного формування
7211,Формувальник ручного формування
7212,Бригадир муфтозварювального відділення
7212,Вишкомонтажник-зварник
7212,Газозварник
7212,Газорізальник
7212,Електровібронаплавлювач
7212,Електрогазозварник
7212,Електрогазозварник судновий
7212,Електрогазозварник-врізальник
7212,Електрозварник листів та стрічок
7212,Електрозварник на автоматичних та напівавтоматичних машинах
7212,Електрозварник ручного зварювання
7212,Електрозварник труб на стані
7212,Заготівник матеріалу та деталей
7212,Зварник арматурних сіток та каркасів
7212,Зварник випрямлячів
7212,Зварник виробів з тугоплавких металів
7212,Зварник електровакуумних приладів
7212,Зварник на дифузійно-зварювальних установках
7212,Зварник на електронно-променевих зварювальних установках
7212,Зварник на лазерних установках
7212,Зварник на машинах контактного (пресового) зварювання
7212,Зварник термітного зварювання
7212,Контролер зварювальних робіт
7212,Оператор проекційної апаратури та газорізальних машин
7212,Паяльник агрегатів ракетних рідинних двигунів
7212,Паяльщик
7212,Паяльщик пакетів конденсаторів
7212,Паяльщик по свинцю (свинцевопаяльщик)
7212,Паяльщик спеціальних виробів (спеціальні хімічні виробництва)
7212,Різальник на лазерній установці
7213,Бляхар
7213,Мідник
7213,Мідник з виготовлення суднових виробів
7213,Рихтувальник кузовів
7213,Сортувальник жерсті та виробів
7214,"Арматурник (будівельні, монтажні й ремонтно-будівельні роботи)"
7214,Арматурник (виробництво залізобетонних і бетонних виробів та конструкцій)
7214,Арматурник залізобетонних суден
7214,"Бригадир на обробленні, сортуванні, прийманні, здаванні, пакетуванні та пакуванні металу й готової продукції"
7214,Згинальник судновий
7214,Клепальник
7214,Контролер брухту та відходів металу
7214,"Контролер котельних, холодноштампувальних і давильних робіт (котельні роботи)"
7214,"Контролер суднокорпусних, судномонтажних і трубопровідних робіт"
7214,Котельник
7214,Котельник судновий
7214,Монтажник з монтажу сталевих та залізобетонних конструкцій
7214,Реставратор металевих конструкцій
7214,Розмітник плазовий
7214,Рубач судновий
7214,Слюсар із складання металевих конструкцій
7214,Суднокорпусник-ремонтник
7214,Чеканник
7215,"Бригадир з переміщення сировини, напівфабрикатів і готової продукції у процесі виробництва"
7215,Зшивальник металевих сіток
7215,Ланцюгов'язальник
7215,Намотувальник дроту та тросів
7215,Стропальник
7215,Такелажник
7215,Такелажник на монтажі
7215,Такелажник судновий
7215,Транспортувальник (такелажні роботи)
7215,Транспортувальник спеціальних виробів (спеціальні хімічні виробництва)
7216,Водолаз
7216,Кесонник-апаратник
7216,Кесонник-електромонтажник
7216,Кесонник-прохідник
7216,Кесонник-слюсар
7216,Матрос-водолаз
7219,Електрозварник у металургійному виробництві
7219,Зварник
7221,Бандажник
7221,Бригадир заготівельного відділення
7221,Бригадир молотового відділення
7221,Вальцювальник (холодноштампувальні роботи)
7221,Вальцювальник гольчастих роликів і кульок
7221,Виготовлювач сильфонів
7221,Виробник сильфонних компенсаторів та шлангів
7221,Волочильник
7221,Давильник
7221,Завальцювальник
7221,Згинальник труб
7221,Коваль на молотах і пресах
7221,Коваль ручного кування
7221,Коваль-бурозаправник
7221,Коваль-штампувальник
7221,Коваль-штампувальник на ротаційних машинах
7221,Контролер ковальсько-пресових робіт
7221,"Контролер котельних, холодноштампувальних і давильних робіт (холодноштампувальні та давильні роботи)"
7221,Копрівник з оброблення брухту та відходів металу
7221,"Машиніст на молотах, пресах та маніпуляторах"
7221,Нагрівальник (зварник) металу
7221,Оператор автоматичних і напівавтоматичних ліній холодноштампувального устаткування
7221,Оператор-коваль на автоматичних і напівавтоматичних лініях
7221,Правильник на машинах
7221,Правильник ручним способом
7221,Пресувальник брухту та відходів металу
7221,Пресувальник заготовок для шпальтових сит
7221,Пресувальник на гарячому штампуванні
7221,Профілювальник
7221,Пружинник
7221,Ресорник на обробленні гарячого металу
7221,Розкатник
7221,Різальник металу на ножицях і пресах
7221,Штампувальник (холодноштампувальні роботи)
7221,Штампувальник електроімпульсним методом
7221,Штампувальник методом вибуху
7221,Штампувальник на падаючих молотах
7221,Штампувальник рідкого металу
7222,Заточувальник
7222,"Майстер з продажу, налагодження та експлуатації систем замикання і контролю доступу (локсмайстер)"
7222,Модельник аерогідродинамічних моделей з металу
7222,Модельник з металевих моделей
7222,Пилкоправ
7222,Ремонтник технологічного оснащення
7222,Розмітник
7222,Розмітник судновий
7222,Слюсар-інструментальник
7222,Точильник
7223,Контролер верстатних і слюсарних робіт (слюсарні роботи)
7223,Налагоджувальник автоматичних ліній і агрегатних верстатів
7223,Налагоджувальник автоматів елементного виробництва
7223,Налагоджувальник автоматів зварювання виводів
7223,Налагоджувальник автоматів і напівавтоматів
7223,Налагоджувальник верстатів і маніпуляторів з програмним керуванням
7223,Налагоджувальник волокнистоцементного устаткування
7223,Налагоджувальник грудкувальних машин
7223,Налагоджувальник зварювального й газоплазморізального устаткування
7223,Налагоджувальник зуборізних і різьбофрезерних верстатів
7223,Налагоджувальник зубофрезерних автоматів та напівавтоматів
7223,Налагоджувальник ковальсько-пресового устаткування
7223,Налагоджувальник колійних машин та механізмів
7223,Налагоджувальник контрольно-вимірювальних вагонів
7223,Налагоджувальник ливарних машин
7223,Налагоджувальник мийних машин
7223,Налагоджувальник напівавтоматичних установок акумуляторного виробництва
7223,Налагоджувальник настільних верстатів та пресів
7223,Налагоджувальник поліграфічного устаткування
7223,Налагоджувальник ремізо-бердного устаткування
7223,"Налагоджувальник складальних автоматів, напівавтоматів та автоматичних ліній"
7223,Налагоджувальник склоробних автоматів і напівавтоматів
7223,Налагоджувальник сортувальних автоматів
7223,Налагоджувальник технологічного устаткування (оброблення бавовни й луб'яних культур)
7223,Налагоджувальник устаткування бляшано-банкового виробництва
7223,Налагоджувальник устаткування в паперовому виробництві
7223,Налагоджувальник устаткування голкового виробництва
7223,Налагоджувальник устаткування для оброблення каменю
7223,Налагоджувальник устаткування залізобетонного виробництва
7223,Налагоджувальник устаткування й агрегатів у термообробленні
7223,Налагоджувальник устаткування керамічного виробництва
7223,Налагоджувальник устаткування металевого покриття та фарбування
7223,Налагоджувальник устаткування оптичного виробництва
7223,Налагоджувальник устаткування у виробництві аерозольних пакувань
7223,Налагоджувальник устаткування у виробництві азбестових технічних виробів
7223,"Налагоджувальник устаткування у виробництві металевих канатів, сіток, пружин, щіток та ланцюгів"
7223,Налагоджувальник устаткування у виробництві стінових та в'яжучих матеріалів
7223,Налагоджувальник устаткування у виробництві теплоізоляційних матеріалів
7223,Налагоджувальник устаткування у виробництві харчової продукції
7223,Налагоджувальник формувальних і стрижньових машин
7223,Налагоджувальник холодноштампувального устаткування
7223,Налагоджувальник шліфувальних верстатів
7223,Налагоджувальник-монтажник випробувального устаткування
7223,Слюсар електродної продукції
7224,Виробник фільєр
7224,Доводжувач-притирник
7224,Полірувальник (механічне оброблення металів)
7224,Полірувальник (спеціальні хімічні виробництва)
7224,Полірувальник-доводжувач спеціальних виробів
7224,Тесляр судновий
7229,Коваль у виробництві готових металевих виробів
7231,Випробувач двигунів
7231,Водій-випробувач
7231,Налагоджувальник сільськогосподарських машин та тракторів
7231,Ремонтник-мехатронік
7231,Слюсар з паливної апаратури
7231,Слюсар з ремонту колісних транспортних засобів
7232,Ізолювальник (літальні апарати)
7232,Авіаційний механік з планера та двигунів
7232,Авіаційний технік (механік) з парашутних та аварійно-рятувальних засобів
7232,Випробувач-механік двигунів
7232,Дефективник авіаційної техніки
7232,Зміцнювальник деталей
7232,Клеїльник силової арматури та м'яких баків
7232,Комплектувальник авіаційної техніки
7232,Контролер складально-монтажних та ремонтних робіт
7232,Регулювальник-настроювач тренажерів
7232,Слюсар з аерогідродинамічних випробувань
7232,Слюсар з виготовлення та доведення деталей літальних апаратів
7232,Слюсар з ремонту авіадвигунів
7232,Слюсар з ремонту агрегатів
7232,Слюсар з ремонту літальних апаратів
7232,Слюсар-випробувач
7232,Слюсар-механік з ремонту авіаційних приладів
7232,Слюсар-складальник двигунів
7232,Слюсар-складальник літальних апаратів
7232,Фотоплазокопіювальник
7233,Балансувальник деталей та вузлів
7233,Бригадир (звільнений) підприємств залізничного транспорту
7233,Бригадир (звільнений) підприємств метрополітенів
7233,Випробувач герметичності
7233,Виробник оснащення для жакардових машин
7233,Вишкомонтажник
7233,Комплектувальник виробів та інструменту
7233,"Контролер матеріалів, металів, напівфабрикатів та виробів"
7233,Машиніст вагон-вагів
7233,Машиніст з обслуговування та монтажу технічного устаткування (судновий)
7233,Машиніст сухих докових установок
7233,Механік з обслуговування вітроустановок
7233,Монтажник будівельних машин та механізмів
7233,Монтажник гідроагрегатів
7233,Монтажник гірничого устаткування
7233,Монтажник дробильно-розмельного устаткування та устаткування для сортування й збагачення
7233,Монтажник з ремонту ванн
7233,Монтажник з ремонту печей
7233,"Монтажник компресорів, насосів та вентиляторів"
7233,Монтажник лісозаготівельного устаткування
7233,Монтажник металорізального та ковальсько-пресового устаткування
7233,Монтажник механічного устаткування гідротехнічних споруд
7233,Монтажник підіймально-транспортного устаткування безперервної дії
7233,Монтажник підіймально-транспортного устаткування переривчастої дії
7233,Монтажник реакційних апаратів
7233,"Монтажник систем вентиляції, кондиціювання повітря, пневмотранспорту й аспірації"
7233,Монтажник сільськогосподарського устаткування
7233,Монтажник технологічного устаткування та пов'язаних з ним конструкцій
7233,Монтажник устаткування атомних електричних станцій
7233,Монтажник устаткування зерносховищ та підприємств з промислового перероблення зерна
7233,Монтажник устаткування коксохімічних виробництв
7233,Монтажник устаткування котельних установок
7233,Монтажник устаткування металургійних заводів
7233,Монтажник устаткування підприємств будівельних матеріалів
7233,Монтажник устаткування підприємств поліграфічної промисловості
7233,Монтажник устаткування підприємств текстильної промисловості
7233,Монтажник устаткування підприємств харчової промисловості
7233,Монтажник устаткування підприємств хімічної та нафтової промисловості
7233,Монтажник устаткування підприємств целюлозно-паперової промисловості
7233,Монтажник устаткування сортувальних гірок
7233,Монтажник устаткування холодильних установок
7233,Монтажник шахтного устаткування на поверхні
7233,Монтер суднових засобів безпеки
7233,Налагоджувальник автоматизованих вагон-вагів
7233,Налагоджувальник будівельних машин
7233,Насаджувач дефібрерних каменів
7233,Насікальник мелючих каменів
7233,Обпресувальник труб
7233,Оброблювач зуба берда
7233,Оглядач вагонів
7233,Оглядач-ремонтник вагонів
7233,Перевіряльник судновий
7233,Пресувальник колісних пар
7233,Свердлувальник-пневматик
7233,Слюсар аварійно-відновлювальних робіт
7233,Слюсар будівельний
7233,Слюсар з виводів та обмоток електричних машин
7233,Слюсар з виготовлення вузлів та деталей санітарно-технічних систем
7233,"Слюсар з виготовлення деталей та вузлів систем вентиляції, кондиціювання повітря, пневмотранспорту й аспірації"
7233,Слюсар з експлуатації та ремонту газового устаткування
7233,Слюсар з механоскладальних робіт
7233,Слюсар з монтажу та ремонту основ морських бурових та естакад
7233,Слюсар з налагодження виробничого устаткування суден
7233,Слюсар з обслуговування бурових
7233,Слюсар з обслуговування теплових мереж
7233,Слюсар з обслуговування теплових пунктів
7233,Слюсар з обслуговування устаткування електростанцій
7233,Слюсар з огляду та ремонту локомотивів на пунктах технічного обслуговування
7233,Слюсар з ремонту гідротурбінного устаткування
7233,Слюсар з ремонту дорожньо-будівельних машин та тракторів
7233,Слюсар з ремонту колійних машин та механізмів
7233,Слюсар з ремонту лісозаготівельного устаткування
7233,Слюсар з ремонту парогазотурбінного устаткування
7233,Слюсар з ремонту реакторно-турбінного устаткування
7233,Слюсар з ремонту рухомого складу
7233,Слюсар з ремонту сільськогосподарських машин та устаткування
7233,Слюсар з ремонту та обслуговування перевантажувальних машин
7233,Слюсар з ремонту та обслуговування портальних кранів
7233,Слюсар з ремонту та обслуговування систем вентиляції та кондиціювання
7233,Слюсар з ремонту технологічних установок
7233,Слюсар з ремонту устаткування котельних та пилопідготовчих цехів
7233,Слюсар з ремонту устаткування подавання палива
7233,Слюсар з ремонту устаткування теплових мереж
7233,Слюсар з такелажу й вантажозахватних пристроїв
7233,Слюсар зумпфового агрегата
7233,Слюсар системи випарного охолодження
7233,Слюсар централізованої мастильної станції
7233,Слюсар-дизеліст
7233,Слюсар-механік з випробувань установок та апаратури
7233,Слюсар-монтажник судновий
7233,Слюсар-обпресувальник
7233,Слюсар-проводник
7233,Слюсар-ремонтник
7233,Слюсар-ремонтник судновий
7233,Слюсар-судноремонтник
7233,Токар судновий
7233,Установник бурильних замків
7239,Авторемонтник
7239,Випробувач спеціальних виробів на вогневих стендах
7239,Випробувач спеціальних виробів на пневмогідравлічних стендах
7239,Випробувач стартово-стендових систем
7239,Налагоджувальник спеціального устаткування (спеціальні хімічні виробництва)
7239,Складальник ракетних двигунів на твердому паливі
7239,Слюсар будівельний з виготовлення вузлів трубопровідних систем
7239,Слюсар-випробувач виробів (спеціальні виробництва)
7239,Слюсар-механік з виготовлення та ремонту ртутних диференціальних манометрів
7239,Слюсар-механік із спеціальних вимірювальних приладів
7239,Слюсар-складальник виробів (спеціальні виробництва)
7239,Слюсар-стендовик на вогняних стендах виробів з ракетними рідинними двигунами та ракетними двигунами на твердому паливі
7241,Авіаційний механік з приладів та електроустаткування
7241,Акумуляторник
7241,Бригадир-настроювач трубоелектрозварювальних станів
7241,Випробувач вимірювальних систем
7241,Випробувач джерел струму
7241,"Випробувач електричних машин, апаратів та приладів"
7241,Випробувач електровугільних виробів
7241,Випробувач електрокерамічних виробів
7241,Випробувач-лаборант ракетних рідинних двигунів та їх агрегатів
7241,Випробувач-формувальник
7241,Виробник тензорезисторів
7241,Вишкомонтажник-електромонтер
7241,Гірничомонтажник підземний
7241,Дефектоскопіст з магнітного контролю
7241,Електрик судновий
7241,Електромеханік з випробувань та ремонту електроустаткування
7241,Електромеханік з ліфтів
7241,Електромеханік з обслуговування світлотехнічного устаткування систем забезпечення польотів
7241,Електромеханік з обслуговування і ремонту вітроенергетичної установки
7241,Електромеханік з ремонту та обслуговування лічильно-обчислювальних машин
7241,Електромеханік з ремонту та обслуговування устаткування інформаційних систем
7241,Електромеханік засобів автоматики та приладів технологічного устаткування
7241,Електромеханік поштового устаткування
7241,Електромеханік торговельного та холодильного устаткування
7241,Електромонтажник акумуляторних батарей
7241,Електромонтажник вторинних ланцюгів
7241,Електромонтажник електричних машин
7241,Електромонтажник розподільних пристроїв
7241,Електромонтажник силових мереж та електроустаткування
7241,Електромонтажник спеціальних виробів
7241,Електромонтажник судновий
7241,"Електромонтажник із сигналізації, централізації та блокування на залізничному транспорті й наземних лініях метрополітену"
7241,Електромонтажник-налагоджувальник
7241,Електромонтажник-схемник
7241,Електромонтер головного щита керування електростанцією
7241,Електромонтер диспетчерського устаткування та телеавтоматики
7241,Електромонтер з випробувань та вимірювань
7241,Електромонтер з експлуатації електролічильників
7241,Електромонтер з експлуатації розподільних мереж
7241,Електромонтер з обслуговування бурових
7241,Електромонтер з обслуговування гідроагрегатів машинного залу
7241,Електромонтер з обслуговування електроустаткування електростанцій
7241,Електромонтер з обслуговування перетворювальних пристроїв
7241,Електромонтер з обслуговування підстанції
7241,Електромонтер з обслуговування холодильного устаткування електрозв'язку
7241,Електромонтер з обслуговування і ремонту установок захисту від корозії підземних трубопроводів
7241,Електромонтер з оперативних перемикань у розподільних мережах
7241,"Електромонтер з ремонту апаратури, релейного захисту й автоматики"
7241,Електромонтер з ремонту вторинної комутації та зв'язку
7241,Електромонтер з ремонту обмоток та ізоляції електроустаткування
7241,Електромонтер з ремонту повітряних ліній електропередачі
7241,Електромонтер з ремонту та монтажу кабельних ліній
7241,Електромонтер з ремонту та обслуговування апаратури та пристроїв зв'язку
7241,Електромонтер з ремонту та обслуговування електроустаткування
7241,"Електромонтер з ремонту та обслуговування пристроїв сигналізації, централізації та блокування"
7241,Електромонтер з ремонту та обслуговування сонячних електроустановок
7241,Електромонтер контактної мережі
7241,Електромонтер оперативно-виїзної бригади
7241,Електромонтер підземних споруд та комунікацій електрозв'язку
7241,Електромонтер тягової підстанції
7241,Електромонтер-лінійник з монтажу повітряних ліній високої напруги й контактної мережі
7241,Електромонтер-релейник
7241,Електроосвітлювач
7241,Електрослюсар (слюсар) черговий та з ремонту устаткування
7241,Електрослюсар з обслуговування автоматики та засобів вимірювань електростанцій
7241,Електрослюсар з проходки
7241,Електрослюсар з ремонту електричних машин
7241,Електрослюсар з ремонту електроустаткування електростанцій
7241,Електрослюсар з ремонту й обслуговування автоматики та засобів вимірювань електростанцій
7241,Електрослюсар з ремонту устаткування нафтобаз
7241,Електрослюсар з ремонту устаткування розподільних пристроїв
7241,Електрослюсар підземний
7241,Електрослюсар-контактник
7241,Електрослюсар-монтажник підземного гірничопрохідницького устаткування
7241,Калібрувальник котушок електроприладів
7241,Контролер в акумуляторному й елементному виробництві
7241,Контролер електромонтажних робіт
7241,Контролер кабельних виробів
7241,"Контролер складання електричних машин, апаратів та приладів"
7241,Лаборант електромеханічних випробувань та вимірювань
7241,Лаборант з електроізоляційних матеріалів
7241,Лаборант з фізико-механічних випробувань
7241,Лаборант-радіометрист
7241,Майстер з діагностики та налагодження електронного устаткування автомобільних засобів
7241,"Механік з обслуговування виробничого устаткування ресторану (кафе, їдальні і т. ін.)"
7241,Механік з обслуговування та монтажу електроустаткування (судновий)
7241,Монтажник електричних підйомників (ліфтів)
7241,Монтажник електронно-вимірювальної та спеціальної апаратури
7241,Монтажник електроустаткування літальних апаратів
7241,"Монтажник приладів та апаратури автоматичного контролю, регулювання та керування"
7241,Монтажник турбоагрегатів та синхронних компенсаторів
7241,Монтажник устаткування блокування та централізації на залізничному транспорті
7241,Монтер судноплавної обстановки
7241,Монтер із захисту підземних трубопроводів від корозії
7241,"Налагоджувальник приладів, апаратури та систем автоматичного контролю, регулювання та керування (налагоджувальник КВП та автоматики)"
7241,Налагоджувальник спеціального електроустаткування (спеціальні хімічні виробництва)
7241,Оператор розмінних автоматів
7241,Поїзний електромеханік
7241,Пірометрист
7241,Регулювальник-градуювальник електровимірювальних приладів
7241,Слюсар з контрольно-вимірювальних приладів та автоматики (електромеханіка)
7241,"Слюсар-електрик з обслуговування та ремонту електроустаткування (портового, суднового та ін.)"
7241,Слюсар-електрик з обслуговування та ремонту ескалаторів
7241,Слюсар-електрик з обслуговування та ремонту металоконструкції метрополітену
7241,Слюсар-електрик з обслуговування та ремонту станційного та тунельного устаткування метрополітену
7241,Слюсар-електрик з обслуговування та ремонту устаткування метрополітену
7241,Слюсар-електрик з ремонту електроустаткування
7241,Слюсар-електрик з ремонту та обслуговування вантажопідіймальних кранів і машин
7241,Слюсар-електрик з ремонту та обслуговування електричних підйомників (ліфтів)
7241,Слюсар-електромонтажник
7241,Слюсар-механік електромеханічних приладів та систем
7241,Стендовик
7241,Установник склоплавильних посудин
7242,"В'язальник схемних джгутів, кабелів та шнурів"
7242,"Випробувач агрегатів, приладів та чутливих елементів"
7242,Виробник стрічкових осердь
7242,Градуювальник радіоапаратури
7242,Дефектоскопіст з газового та рідинного контролю
7242,"Дефектоскопіст рентгено-, гаммаграфування"
7242,Електромонтер з обслуговування електроустановок
7242,Електрорадіомонтажник судновий
7242,Зачищувач
7242,Комплектувальник мікромодулів
7242,Контролер радіоелектронної апаратури та приладів
7242,Лаборант з ультразвукової техніки
7242,Монтажник елементів пам'яті на феритах
7242,Монтажник мікромодулів
7242,Монтажник радіо- та спеціального устаткування літальних апаратів
7242,Монтажник радіоелектронної апаратури та приладів
7242,Монтажник тензорезисторів
7242,Монтажник інформаційно-комунікаційних мереж
7242,Монтажник інформаційно-комунікаційного устаткування
7242,Монтажник-вакуумник
7242,Монтажник-установник зовнішньої арматури
7242,Налагоджувальник контрольно-вимірювальних приладів та автоматики
7242,Налагоджувальник прискорювачів заряджених частинок
7242,Налагоджувальних технологічного устаткування (електронна техніка)
7242,Намотувальник котушок
7242,Оператор електроакустичних вимірювань
7242,Радіомонтажник судновий
7242,Регулювальник радіоелектронної апаратури та приладів
7242,Регулювальник спеціальної апаратури
7242,Різальник магнітопроводів
7242,Різальник-лудильник фольги
7242,Слюсар з контрольно-вимірювальних приладів та автоматики (електроніка)
7242,Слюсар-механік з радіоелектронної апаратури
7242,Формувальник ртутних випрямлячів
7242,Цокольник
7242,Штампувальник ніжок
7243,Авіаційний механік з радіоустаткування
7243,Антенник-щогловик
7243,Дефектоскопіст з ультразвукового контролю
7243,Дозиметрист
7243,Електромонтер станційного радіотелевізійного устаткування
7243,Електромонтер станційного устаткування проводового мовлення
7243,Контролер з неруйнівного контролю
7243,Лаборант рентгеноспектрального аналізу
7243,Лаборант-електроакустик
7243,Механік з обслуговування звукової техніки
7243,Механік з обслуговування знімальної апаратури
7243,Механік з обслуговування кінотелевізійного устаткування
7243,Механік з обслуговування телевізійного устаткування
7243,Монтажник зв'язку - антенник
7243,Оператор акустичних випробувань
7243,Оператор осцилографування та тензометрування
7243,Оператор пульта керування устаткуванням житлових і громадських будівель
7243,Оператор установки електронного тестування друкарських плат
7243,Радіомеханік з обслуговування та ремонту радіотелевізійної апаратури
7243,Радіомеханік з ремонту радіоелектронного устаткування
7243,Радіомонтер приймальних телевізійних антен
7243,Радіотехнік
7243,Складальник-настроювач магнітних систем
7243,Слюсар-механік із обслуговування спеціальних вагонів з транспортування виробів
7243,Щогловик-антенник судновий
7244,Електромонтер лінійних споруд електрозв'язку та проводового мовлення
7244,Електромонтер охоронно-пожежної сигналізації
7244,Електромонтер станційного устаткування телеграфного зв'язку
7244,Електромонтер станційного устаткування телефонного зв'язку
7244,Монтажник зв'язку - лінійник
7244,Монтажник устаткування зв'язку
7245,Електромонтажник з кабельних мереж
7245,Кабельник-спаювальник
7245,Монтажник зв'язку - кабельник
7245,Монтажник зв'язку - спаювальник
7245,Монтер кабельного виробництва
7249,Випробувач у виробництві електротехнічних машин і апаратури
7249,Випробувач-електрик ракетних рідинних двигунів та їх агрегатів
7249,Вишкоелектромонтажник
7249,Електромонтажник будівельний
7311,Автоматник голково-платинних виробів
7311,Аквадувальник
7311,Алундувальник
7311,Вальцювальник дроту для спіралей
7311,Вимірювач випрямлячів та елементів
7311,Вимірювач електричних параметрів мікромодулів
7311,Вимірювач електричних параметрів радіодеталей
7311,Вимірювач електрофізичних параметрів
7311,Вимірювач магнітних властивостей
7311,Випробувач вакуумних покриттів (тонких плівок)
7311,Випробувач деталей та приладів
7311,Випробувач селенового виробництва
7311,Виробник окулярних оправ
7311,Волочильник матеріалу для спіралей
7311,Відмітчик термометрів
7311,Галтувальник деталей годинників та каменів
7311,Годинникар з ремонту електронних і кварцових годинників
7311,Годинникар з ремонту механічних годинників
7311,Градуювальник
7311,Градуювальник оптичних деталей
7311,Друкар циферблатів
7311,Електромеханік з ремонту та обслуговування електронної медичної апаратури
7311,Електромеханік з ремонту та обслуговування медичних оптичних приладів
7311,Електромеханік з ремонту та обслуговування медичного рентгенівського устаткування
7311,Електромеханік з ремонту та обслуговування медичного устаткування
7311,Електромеханік з ремонту та обслуговування наркозно-дихальної апаратури
7311,Заварник електровакуумних приладів
7311,Заварник на високочастотному індукторі
7311,Заварник напівпровідникових приладів
7311,Завивальник спіралей
7311,Заливальник компаундами
7311,Заточувальник медичного інструменту
7311,Знімач оптичних характеристик
7311,Зубополірувальник деталей годинників
7311,Зубофрезерувальник деталей годинників
7311,Калібрувальник магнітопроводів
7311,Калібрувальник ниткоутворювачів
7311,Калібрувальник-прецизійник у виробництві масок кольорових кінескопів
7311,Контролер вимірювальних приладів та спеціального інструменту
7311,Контролер годинникового та каменевого виробництва
7311,Контролер голково-платинних виробів
7311,Контролер деталей та приладів
7311,Контролер медичного устаткування та виробів
7311,Контролер оптичних деталей та приладів
7311,Контролер режимів роботи технологічного устаткування
7311,Контролер-приймальник боєприпасів-зарядів
7311,Контролер-приймальник боєприпасів-порохів
7311,Контролер-приймальник мікроелементів
7311,Лаборант з випробування зброї ракетної
7311,Лакувальник деталей годинників
7311,Ливарник радіокераміки та феритів
7311,Механік протезно-ортопедичних виробів
7311,Моделювальник штучних зубів
7311,Налагоджувальник геофізичної апаратури
7311,Наповнювач приладів газами
7311,Наповнювач приладів рідинами
7311,Настроювач напівпровідникових приладів
7311,Настроювач п'єзорезонаторів
7311,Оператор прецизійного різання
7311,Оператор установки вимірювання об'єму
7311,Оптик
7311,Оптик елементів квантових приладів
7311,Оптик медичний
7311,Оптик-механік
7311,Плавильник-ливарник прецизійних сплавів
7311,Планіметрист
7311,Полірувальник хірургічних інструментів та апаратів
7311,Приладист (електронна техніка)
7311,"Приладист (перероблення нафти, нафтопродуктів, газу, сланців, вугілля та обслуговування магістральних трубопроводів)"
7311,Підбирач забарвлення штучних зубів
7311,Рентгенгоніометрист
7311,Рентгеномеханік
7311,Розмітник п'єзокварцової сировини
7311,Різальник мінералів
7311,Свердлувальник каміння
7311,Складальник боєприпасів
7311,Складальник годинників
7311,Складальник зброї ракетної
7311,Складальник квантових приладів
7311,Складальник окулярів
7311,Складальник приладів із скла
7311,Складальник складових частин годинників
7311,Складальник суцільнометалевих растрів
7311,Складальник хірургічних інструментів і апаратів
7311,Скрайбувальник пластин
7311,Слюсар з контрольно-вимірювальних приладів та автоматики (прецизійні прилади)
7311,Слюсар протезно-ортопедичних виробів
7311,"Сортувальник виробів, сировини та матеріалів"
7311,Сортувальник деталей годинників та каменів
7311,Сріблильник п'єзотехнічних виробів
7311,Травильник фольги (виробництво годинників)
7311,Формувальник штучних зубів
7311,Центрувальник оптичних деталей
7311,Шліфувальник-полірувальник з прецизійного оброблення напівпровідникових матеріалів
7311,Юстирувальник деталей та приладів
7311,Юстирувальник оптичних приладів
7312,Інтонувальник
7312,Аерографіст щипкових інструментів
7312,Бронзувальник рам клавішних інструментів
7312,Виробник голосових планок
7312,Виробник деталей для духових інструментів
7312,Виробник молоточків для клавішних інструментів
7312,Виробник музичних інструментів за індивідуальними замовленнями
7312,Гарнірувальник музичних інструментів
7312,Клавіатурник
7312,Комплектувальник деталей музичних інструментів
7312,Контролер музичних інструментів
7312,Лицювальник музичних інструментів
7312,Настроювач духових інструментів
7312,Настроювач музичних іграшок
7312,Настроювач піаніно та роялів
7312,Настроювач щипкових інструментів
7312,Настроювач язичкових інструментів
7312,Настроювач-регулювальник смичкових інструментів
7312,Полірувальник музичних інструментів
7312,Регулювальник піаніно та роялів
7312,Регулювальник язичкових інструментів
7312,Реставратор духових інструментів
7312,Реставратор клавішних інструментів
7312,Реставратор смичкових та щипкових інструментів
7312,Реставратор ударних інструментів
7312,Реставратор язичкових інструментів
7312,Складальник духових інструментів
7312,Складальник музичних та озвучених іграшок
7312,Складальник ударних інструментів
7312,Складальник язичкових інструментів
7312,Складальник-монтажник клавішних інструментів
7312,Складальник-монтажник смичкових інструментів
7312,Складальник-монтажник щипкових інструментів
7312,Столяр з вироблення та ремонту деталей і вузлів музичних інструментів
7312,Струнник
7312,Струнонавивальник
7312,Установник ладових пластин
7313,Балансувальник інструментів з алмазів та надтвердих матеріалів
7313,Вибірник каменів
7313,Виготовлювач препаратів дорогоцінних металів та люстрів
7313,Випробувач інструментів з алмазів та надтвердих матеріалів
7313,Виробник філігранних основ
7313,Електромонтажник блоків електронно-механічних годинників
7313,Заготівник деталей та матеріалів до ювелірних та художніх виробів
7313,Заготівник черні
7313,Закріплювач алмазів та надтвердих матеріалів
7313,Класифікаторник порошків з алмазів та надтвердих матеріалів
7313,Коваль дорогоцінних металів
7313,"Контролер у виробництві алмазів, надтвердих матеріалів та виробів з них"
7313,Монтувальник виробів з дорогоцінних металів
7313,Налагоджувальник устаткування у виробництві дорогоцінних металів
7313,Обдирач алмазів
7313,Обпилювач черні
7313,Огранувальник алмазів у діаманти
7313,Огранувальник вставок для ювелірних та художніх виробів
7313,Полірувальник волок з алмазів та надтвердих матеріалів
7313,Полірувальник технічних каменів
7313,Підбирач каменів
7313,Розколювач алмазів
7313,Розмітник алмазів
7313,Розпилювач алмазів
7313,Різальник алмазів
7313,Складальник алмазних інструментів
7313,Сортувальник алмазів (виробництво алмазів)
7313,Сортувальник алмазів (гранувальне виробництво)
7313,Сортувальник діамантів
7313,Чорнильник ювелірних та художніх виробів
7313,Шліфувальник алмазів та надтвердих матеріалів
7313,Шліфувальник каменів
7313,Ювелір (ювелір-модельєр)
7313,Ювелір-браслетник
7313,Ювелір-гравер
7313,Ювелір-закріпник
7313,Ювелір-ланцюжковик
7313,Ювелір-монтувальник
7313,Ювелір-філігранник
7319,Електромеханік з ремонту та обслуговування медичного устаткування та апаратури
7319,Реставратор музичних інструментів (крім духових)
7319,Складальник музичних інструментів (крім духових)
7321,Армувальник електрокерамічних виробів
7321,Армувальник санітарно-будівельних виробів
7321,Виробник капів
7321,Виробник художніх виробів з кераміки
7321,Виробник штампів
7321,Відливальник фарфорових та фаянсових виробів
7321,Глазурувальник виробів будівельної кераміки
7321,Гончар
7321,Кантувач керамічних труб
7321,Комплектувальник гіпсових форм
7321,"Контролер-приймальник фарфорових, фаянсових та керамічних виробів"
7321,Ліпник скульптурного виробництва
7321,Модельник виплавних моделей
7321,Модельник гіпсових моделей
7321,Модельник керамічного виробництва
7321,Модельник моделей з епоксидних смол
7321,Модельник скульптурного виробництва
7321,Набирач килимків з мозаїчної плитки
7321,Оправник електрокерамічних виробів
7321,Оправник-чистильник
7321,Патинувальник
7321,Пресувальник оптичної кераміки
7321,Складальник фарфорових та фаянсових виробів
7321,Склеювач електрокерамічних виробів
7321,"Сортувальник сировини, фарфорових, фаянсових та керамічних виробів"
7321,Форматор скульптурного виробництва
7321,Формувальник виробів будівельної кераміки
7321,Формувальник електрокерамічних виробів
7321,Формувальник фарфорових та фаянсових виробів
7321,Шліфувальник фарфорових та фаянсових виробів
7322,Аерозольник
7322,Блокувальник скловиробів
7322,Вакуумник триплексу та блоків
7322,Видувальник скловиробів
7322,Випробувач скловиробів
7322,Виробник світлофільтрів та поляроїдів
7322,Відпальник скловиробів
7322,Готувач оптичних клеїв
7322,Зварник скляних виробів
7322,Кварцодув
7322,Контролер скляного виробництва
7322,Лакувальник оптичних деталей
7322,Молірувальник скла
7322,Обробник видувних виробів
7322,Оператор з нанесення просвітлювальних та захисних покриттів
7322,Паяльщик сіток та шинок на склі
7322,Плавильник виробів з кварцового непрозорого скла
7322,Плавильник зневодненого кварцового скла
7322,Полірувальник оптичних деталей
7322,Полірувальник скла та скловиробів
7322,Полірувальник скловиробів кислотою
7322,Пресувальник виробів з оптичного скла та кристалів
7322,Пресувальник гарячого скла
7322,Пресувальник спеціальних мас
7322,Промивальник оптичних деталей
7322,Розбирач оптичного скла та кристалів
7322,Розпилювач оптичного скла
7322,Різальник скла
7322,Свердлувальник оптичних деталей
7322,Складальник з обрамлення скла
7322,Складальник скломаси
7322,Складальник тиглів
7322,Склеювач оптичних деталей
7322,Склодув
7322,Спікальник кювет
7322,Фацетник
7322,Фрезерувальник оптичних деталей
7322,Чистильник оптики
7322,Шліфувальник оптичних деталей
7322,Шліфувальник скла
7322,Шліфувальник скловиробів
7323,Гравер скла
7323,Розмалювальник по склу
7323,Травильник скла плавиковою кислотою
7323,Фотодрукар на склі
7324,Інкрустатор
7324,Аерографник
7324,Ангобувальник
7324,Ангобувальник санітарно-будівельних виробів
7324,"Виробник трафаретів, шкал та плат"
7324,Відвідник
7324,Готувач ґрунтових сумішей
7324,Емалювальник (виробництво художніх виробів)
7324,Живописець
7324,Карбувальник скульптурного виробництва
7324,Карбувальник художніх виробів
7324,Комплектувальник фарфорових та фаянсових виробів
7324,Контролер монетно-орденського виробництва
7324,Контролер художніх виробів
7324,Контурувальник
7324,Малювальник світними фарбами
7324,Модельник склопластиків
7324,Обробник художніх виробів
7324,Позолотник художніх виробів
7324,Полірувальник художніх виробів
7324,Ракліст (фарфорові та фаянсові вироби)
7324,Реставратор художніх виробів та декоративних предметів
7324,Трафаретник (виробництво художніх виробів)
7324,Художник декоративного розмалювання по металу
7324,Художник мініатюрного живопису
7324,Художник розмалювання по дереву
7324,Художник розмалювання по емалі
7324,Ґрунтувальник полотна та картону художніх полотен
7329,Модельник у виробництві неметалевої продукції
7329,"Формувальник фарфорових, фаянсових та керамічних виробів"
7329,Художник декоративного розмалювання
7331,Бутафор
7331,Випалювач по дереву
7331,Випарювальник капокореня
7331,Виробник художніх виробів з бересту
7331,Виробник художніх виробів з бурштину
7331,Виробник художніх виробів з дерева
7331,Виробник художніх виробів з лози
7331,Виробник художніх виробів з металу
7331,Виробник ігрових ляльок
7331,Гартувальник бурштину
7331,Гартівник виробів з хохломським розмалюванням
7331,Заготівельник ботанічних блоків
7331,Заготівельник геологічних зразків
7331,Заготівник бурштину
7331,"Заготівник матеріалів для художніх виробів з дерева, бересту, капокореня"
7331,Клішист
7331,Модельник аерогідродинамічних моделей з неметалу
7331,Модельник наочного приладдя
7331,Модельєр коробок
7331,Муляжист
7331,Обклеювач глобусів
7331,Оброблювач виробів з бурштину
7331,Оброблювач виробів з кістки та рогу
7331,Оброблювач художніх виробів з дерева та пап'є-маше
7331,Реставратор виробів з дерева
7331,Розмалювальник іграшок
7331,Розпилювач кістки та рогу
7331,Різьбяр по дереву та бересту
7331,Різьбяр по кості та рогу
7331,Складальник виробів з бурштину
7331,Сортувальник декоративних порід дерева
7331,Фанерувальник художніх виробів з дерева
7331,Флорист
7331,Формувальник форм для наочного приладдя
7331,Формувальник художнього лиття
7331,Шліфувальник бурштину
7331,Шліфувальник підносів
7332,Виготовлювач чучел
7332,Виробник виробів з тканини з художнім розмалюванням
7332,Виробник художніх виробів із шкіри
7332,Вирівнювальник шкіряних деталей
7332,Вишивальник на шкірі та хутрі
7332,Відбірник анатомічного матеріалу
7332,"Заготівельник блоків з гістології, цитології, ембріології"
7332,Комплектувальник кісток
7332,Комплектувальник сухих зоопрепаратів
7332,Контролер наочного приладдя
7332,Мацератор
7332,Монтувальник вологих препаратів
7332,Монтувальник кісткових препаратів
7332,Монтувальник мікрозрізів
7332,Монтувальник остеологічних колекцій
7332,Монтувальник скелетів дрібних тварин
7332,Навивальник картону
7332,Обпилювач пап'є-маше
7332,Обрізувач анатомічного матеріалу
7332,Оформлювач іграшок
7332,Плетільник меблів
7332,Препаратор анатомічних зрізів
7332,Препаратор біологічних об'єктів
7332,Препаратор з анатомії
7332,Препаратор з мікрозоології
7332,Препаратор скелетів дрібних тварин
7332,Приймальник біологічних матеріалів
7332,"Реставратор тканин, гобеленів та килимів"
7332,Розкрійник скловолокнистих матеріалів
7332,Розкрійник шкіри та хутра
7332,Розмалювальник виробів із шкіри
7332,Розпалювальник моделей
7332,Різальник на мікротомі
7332,Складальник виробів з дерева та пап'є-маше
7332,Складальник виробів із шкіри та хутра
7332,Складальник натуральних об'єктів
7332,Фарбувальник мікрозрізів
7339,"Виробник художніх виробів з дерева та подібних матеріалів (рослинного, тваринного походження)"
7339,Різьбяр (виробництво художніх виробів)
7341,Виливальник валиків
7341,Колорист (поліграфічне виробництво)
7341,Контролер у поліграфічному виробництві
7341,Коректор (переддрукарські процеси поліграфічного виробництва)
7341,Монтажист
7341,Обліковець (поліграфічне виробництво)
7341,Оброблювач кліше
7341,Оператор електронних автоматів для виготовлення форм високого друкування
7341,Оператор фотоскладальних автоматів і систем
7341,Препаратор
7341,Пробіст високого друкування
7341,Пробіст офсетного плоского друкування
7341,Складач на машинах
7341,Складач на складальних рядковиливальних машинах
7341,Складач ручним способом
7342,Виливальник
7342,Вулканізаторник друкарських форм
7342,Гальванотипіст
7342,Гільоширник (поліграфічне виробництво)
7342,Електрофотограф
7342,Стереотипер
7343,Гравер
7343,Гравер (слюсарні та слюсарно-складальні роботи)
7343,Гравер друкарських форм
7343,Гравер шрифту
7343,Емульсувальник прецизійної фотолітографії
7343,Копіювальник друкарських форм
7343,Нотогравер
7343,Нотографік
7343,Оброблювач шрифтової продукції
7343,Оператор апаратів мікрофільмування та копіювання
7343,Оператор електронних гравіювальних автоматів для виготовлення форм глибокого друкування
7343,Оператор електронного кольороділення
7343,Оператор прецизійної фотолітографії
7343,Перебивач форм глибокого друкування
7343,Ретушер (поліграфічне виробництво)
7343,Різальник дерев'яного шрифту
7343,Склографіст (ротаторник)
7343,Травильник кліше
7343,Травильник форм глибокого друкування
7343,Трафаретник (поліграфічне виробництво)
7343,Фотоцинкограф
7343,Хромолітограф
7343,Юстирувальник
7344,Виробник субтитрів
7344,Гравер оригіналів топографічних карт
7344,Координатографіст прецизійної фотолітографії
7344,Лаборант-сенситометрист
7344,Оформлювач табло віньєток та альбомів
7344,Ретушер (фотороботи)
7344,Ретушер прецизійної фотолітографії
7344,Розфарбовувач діапозитивів та фотовідбитків
7344,Фотограф (фотороботи)
7344,Фотокерамік
7345,Брошурувальник
7345,Палітурник
7345,Палітурник документів
7345,Реставратор архівних та бібліотечних матеріалів
7346,Авербандник
7346,Бригадир на дільницях основного виробництва (друкування на тканинах)
7346,Виготовлювач лекал (швацьке виробництво)
7346,Випалювач малюнків
7346,Гравер (виробництво текстилю)
7346,Копіювальник малюнків та карт
7346,Набивальник малюнків
7346,Набивальник малюнків манерами
7346,Накатник малюнків
7346,Пантографіст
7346,Патроніст малюнків
7346,Пресувальник молетів
7346,Ракліст (виробництво текстилю)
7346,Розмалювальник тканини
7346,Складач малюнка
7346,Термодрукар
7346,Травильник валів
7346,Шаблонник
7349,Гравер (поліграфічна діяльність)
7349,Пробіст (поліграфічна діяльність)
7411,Беконник
7411,Вибільник агарового холодцю
7411,Виготовлювач натуральної ковбасної оболонки
7411,Виготовлювач штучної ковбасної оболонки
7411,Вироби и к струн
7411,Виробник м'ясних напівфабрикатів
7411,Готувач кулінарних виробів з м'яса птиці та кролів
7411,Готувач фаршу
7411,Забивач худоби
7411,Засолювач м'яса й м'ясопродуктів
7411,Засолювач шкур
7411,Збирач епітелію
7411,Контролер струн та зшивок
7411,Кулінар виробів з риби та морепродуктів
7411,Марироб
7411,Обвалювальник м'яса
7411,Обвалювальник тушок птиці
7411,Оброблювач ветсанбраку
7411,Оброблювач крабів
7411,Оброблювач кролів
7411,Оброблювач морського звіра
7411,Оброблювач птиці
7411,Оброблювач риби
7411,Оброблювач ікри
7411,Приймальник перо-пухової сировини
7411,Приймальник худоби
7411,Приймальник яєць
7411,Приймальник-здавальник харчової продукції (виробництво м'ясних та рибних продуктів)
7411,Приймальник-сортувальник живої птиці та кролів
7411,Розпилювач м'ясопродуктів
7411,Розфасовувач м'ясопродуктів
7411,Рубач м'яса на ринку
7411,Різальник м'ясопродуктів
7411,Сортувальник тушок птиці та кролів
7411,Сортувальник у виробництві харчової продукції (м'ясні та рибні продукти)
7411,Сушильник харчової продукції (м'ясні та рибні продукти)
7411,Фаршомісильник
7411,Формувальник ковбасних виробів
7412,Бригадир на дільницях основного виробництва (хлібопекарне та кондитерське виробництво)
7412,Вальцювальник сировини та напівфабрикатів
7412,Готувач білкових мас
7412,Готувач сумішей (хлібопекарне та кондитерське виробництва)
7412,Дріжджовик
7412,Кондитер
7412,Кондитер судновий
7412,Кулінар борошняних виробів
7412,Мармеладник-пастильник
7412,Пекар
7412,Приймальник-здавальник харчової продукції (хлібопекарне та кондитерське виробництва)
7412,Рецептурник
7412,Сортувальник у виробництві харчової продукції (хлібобулочні та кондитерські вироби)
7412,Тістороб
7412,Формувальник тіста
7412,Халвомісильник
7412,Цукерник
7412,Шоколадник
7413,Бригадир на дільницях основного виробництва (молочне виробництво)
7413,Бринзороб-майстер
7413,Кумисороб
7413,Майстер з виробництва молочного цукру
7413,Майстер з виробництва незбираномолочної та кисломолочної продукції
7413,Майстер з виробництва сухого знежиреного молока й замінника незбираного молока
7413,Маслороб-майстер
7413,Пакувальник сиру твердого на термоусадочній машині
7413,Приймальник молочної продукції
7413,Приймальник-здавальник харчової продукції (молочне виробництво)
7413,Сировар-майстер
7413,Сировар-майстер з дозрівання сирів
7413,Сиросолільник
7413,Сортувальник у виробництві харчової продукції (молочні продукти)
7414,Буртоукладач
7414,Вибірник солодкового кореня
7414,Заготівельник продуктів і сировини
7414,Приймальник солодкового кореня
7414,"Приймальник-здавальник харчової продукції (заготівля плодів, овочів та подібних продуктів)"
7414,"Сортувальник у виробництві харчової продукції (плоди, овочі та подібні продукти)"
7415,Готувач сумішей (змішування продуктів харчування та напоїв)
7415,Дегоржер
7415,Дегустатор вин
7415,Дегустатор кави
7415,Дегустатор лікерів
7415,Дегустатор соків
7415,Купажник
7415,Купажник чаю
7415,Приймальник-здавальник харчової продукції (змішування продуктів харчування та напоїв)
7415,Ремюер
7415,Сатураторник
7415,Сортувальник у виробництві харчової продукції (змішування продуктів харчування та напоїв)
7415,Сортувальник-розбирач чаю
7415,Ферментувальник чаю
7416,Готувач сумішей (перероблення тютюну)
7416,Купажник тютюнів
7416,Приймальник-здавальник харчової продукції (перероблення тютюну)
7416,Сортувальник тютюну
7416,Сортувальник тютюну у ферментаційному виробництві
7416,Сортувальник у виробництві харчової продукції (перероблення тютюну)
7416,Сушильник харчової продукції (перероблення тютюну)
7416,Чистильник устаткування (виробництво тютюнових виробів)
7419,Оброблювач рибних продуктів
7419,Оброблювач свійської птиці і кролів
7421,Заготівник чайних ящиків
7421,Оператор сушильних установок
7421,Пропарювач-проварювач деревини
7421,Просочувальник з вогнезахисного просочування
7421,Просочувальник пиломатеріалів та виробів з деревини
7421,Різальник шпону та личкувальних матеріалів
7421,"Склеювач блоків, заготовок та будівельних конструкцій"
7421,Сортувальник матеріалів та виробів з деревини
7421,Сушильник (виробництво фанери)
7421,Сушильник дощечок
7421,"Укладальник пиломатеріалів, деталей та виробів з деревини"
7422,Бондар
7422,Бондар-закупорювач (виробництво харчової продукції)
7422,Виробник берд
7422,Гнутар по дереву
7422,Комплектувальник меблів
7422,Контролер деревообробного виробництва
7422,Личкувальник деталей меблів
7422,Модельник дерев'яних моделей
7422,Набирач личкувальних матеріалів для меблів
7422,Обсмолювач бочок
7422,Пресувальник виробів з деревини
7422,Розмітник по дереву
7422,Столяр
7422,Столяр-виробник декорацій
7422,Тесальник спецсортиментів
7423,Верстатник вусувального верстата
7423,Верстатник деревообробних верстатів
7423,Верстатник навивального верстата
7423,Верстатник ребросклеювального верстата
7423,Виготовлювач шаблонів
7423,Заточувальник деревообробного інструменту
7423,Монтажник устаткування деревообробних підприємств
7423,Налагоджувальник деревообробного устаткування
7423,Розкрійник шліфувального полотна
7423,Шліфувальник по дереву
7424,Пресувальник плит з очерету
7431,Бригадир на дільницях основного виробництва (виготовлення волокон)
7431,Заправник голкопробивного агрегата
7431,Класувальник вовни та пуху
7431,Лаборант з аналізу коконів
7431,Намотувальник фільтрів
7431,Обробник волокна (лляне виробництво)
7431,Перевіряльник веретен
7431,Перевіряльник розводок
7431,Помічник майстра (конопледжутове виробництво)
7431,Помічник майстра (лляне виробництво)
7431,Пробиральник (вовняне виробництво)
7431,Сортувальник немитої вовни
7431,"Сортувальник сировини, матеріалів та виробів (виготовлення волокон, вати та конопледжутове виробництво)"
7431,Точильник стригальних ножів
7431,Чистильник-точильник чесальних апаратів
7431,Шліфувальник друкарських валів
7432,Батанник
7432,Бригадир на дільницях основного виробництва (текстильне виробництво)
7432,В'язальник текстильно-галантерейних виробів
7432,Вирізальник фестонів
7432,Витягальник ременів
7432,Заправник текстильного устаткування
7432,Килимар
7432,"Комплектувальник пряжі, тканини й виробів"
7432,Контролер вимірювань продукції
7432,Контролер матеріалів та виробів
7432,Контролер ремізо-бердного виробництва
7432,Контролер сітковиробів
7432,Контролер якості
7432,Мереживниця
7432,Мийник килимів
7432,Обплітальник деталей
7432,Помічник майстра (сітков'язальне виробництво)
7432,Правильник технологічного оснащення
7432,Розправляч основ
7432,Снувальник (ручне ткацтво)
7432,"Сортувальник сировини, матеріалів та виробів (виготовлення полотна, виробництво текстильної галантереї та сітков'язальне виробництво)"
7432,Стригаль ворсу
7432,Ткач ручного художнього ткацтва
7432,Футлярник
7433,"Бригадир на дільницях основного виробництва (кравецькі, капелюшні роботи)"
7433,Вітрильник
7433,Клеїльник (швацьке виробництво)
7433,Кравець
7433,Обробник головних уборів
7433,Розкладач лекал
7433,Формувальник головних уборів (швацьке виробництво)
7434,Бригадир на дільницях основного виробництва (кушнірські роботи)
7434,Вимірювач шкіряно-хутряної сировини та матеріалу
7434,Консервувальник шкіряно-хутряної сировини
7434,Консервувальник шкіряної та хутряної сировини
7434,Контролер хутряної сировини та напівфабрикатів у кушнірському виробництві
7434,Контролер хутряної сировини та напівфабрикатів у сирицефарбувальному виробництві
7434,Кушнір-обробник
7434,Кушнір-розкрійник
7434,Кушнір-складальник
7434,Оброблювач хутряних шкурок (опоряджувальні операції)
7434,Правильник хутряних шкурок та скроїв виробів
7434,Розпилювач хутра та повсті
7434,Сортувальник шкіряно-хутряної сировини
7434,Термообробник хутряних шкурок
7434,Фарбувальник хутра та шубної овчини
7435,Бригадир на дільницях основного виробництва (моделювання та закрій одягу)
7435,Закрійник
7435,"Контролер матеріалів, виробів та лекал"
7435,Костюмер
7435,Модистка головних уборів
7435,Розкрійник
7436,Бригадир на дільницях основного виробництва (швацьке виробництво)
7436,Виготовлювач м'яких іграшок
7436,"Комплектувальник матеріалів, крою та виробів"
7436,Ремонтувальник шкірогалантерейних виробів
7436,Розмалювальник шкірогалантерейних виробів
7436,Фурнітурник
7436,Швачка
7436,Швачка (у сировинно-фарбувальних та кушнірських цехах)
7436,Швачка з пошиття та ремонту літакового інвентарю
7436,Швачка спеціальних виробів (спеціальні хімічні виробництва)
7437,Бригадир на дільницях основного виробництва (оббивка)
7437,Драпірувальник
7437,Оббивальник
7437,Оббивальник меблів
7439,Кушнір
7439,Майстер з пошиття одягу
7441,Бригадир на дільницях основного виробництва (шкіряне виробництво)
7441,Виробник щетинно-щіткових виробів
7441,Вирівнювальник товщини деталей та напівфабрикатів
7441,Витягальник шкір
7441,Гартівник чапраку та технічної шкіри
7441,Жирувальник шкір
7441,"Зволожувальник шкіряних, хутряних деталей та виробів"
7441,Колорист (шкіряне виробництво)
7441,Контролер сировини та напівфабрикатів
7441,Лакувальник шкір
7441,Меланжист
7441,Міздрильник
7441,Міздрильник шкур
7441,Міздрильник шкурок кролів
7441,Оброблювач шкур (м'ясоперероблення)
7441,Оброблювач шкур волосогінною сумішшю
7441,Оброблювач шкіряно-хутряної сировини
7441,Приймальник сировини
7441,Прокатник шкір
7441,Розкрійник шкіряної сировини
7441,Розтягальник шкір та овчин на рами
7441,Сортувальник шкур
7441,Сортувальник шкурок кролів
7441,Стругальник шкіряно-хутряної сировини та напівфабрикатів
7441,Сушильник шкурок кролів
7441,Тузлукувальник шкур
7441,Фарбувальник шкір
7442,Бригадир на дільницях основного виробництва (виробництво взуття)
7442,Взуттьовик з пошиття ортопедичного взуття
7442,Взуттьовик з ремонту взуття
7442,Взуттьовик з ремонту спецвзуття
7442,Взуттьовик з індивідуального пошиття взуття
7442,Випробувач протезно-ортопедичних виробів
7442,Виробник макетів матриць
7442,Затягувальник взуття
7442,"Контролер виробів, напівфабрикатів та матеріалів"
7442,Кріпильник деталей
7442,Модельєр колодок
7442,Модельєр ортопедичного взуття
7442,"Оброблювач деталей, напівфабрикатів та виробів"
7442,Обробник виробів
7442,Пошивник лимарно-сідельних виробів
7442,Ремонтувальник взуттьових колодок
7442,Розтягальник шкіряних смуг
7442,Складальник лимарно-сідельних виробів
7442,Складальник шкірогалантерейних виробів
7442,"Сортувальник виробів, напівфабрикатів та матеріалів"
7990,Бригадир на дільницях основного виробництва (інші кваліфіковані роботи)
8111,Гідромоніторник
8111,Машиніст агрегатів для добування солі в озері
8111,Машиніст бульдозера (гірничі роботи)
8111,Машиніст вібронавантажувальної установки
8111,Машиніст відвалоутворювача
8111,Машиніст відвального моста
8111,Машиніст глинорізальної машини
8111,Машиніст гірничих виїмкових машин
8111,Машиніст драги
8111,Машиніст екскаватора
8111,Машиніст землесосної установки
8111,Машиніст каменерізної машини
8111,Машиніст конвеєра
8111,Машиніст машин для видобування й перероблення кускового торфу
8111,Машиніст машин для видобування й перероблення фрезерного торфу
8111,Машиніст машин для підготовки торфових родовищ до експлуатації
8111,Машиніст механічного котка
8111,Машиніст навантажувально-доставочної машини
8111,Машиніст навантажувальної машини
8111,Машиніст поличкового плуга
8111,Машиніст прохідницького комплексу
8111,Машиніст підземних самохідних машин
8111,Машиніст самохідного кабелепересувача
8111,Машиніст скрепера (гірничі та гірничо-капітальні роботи)
8111,Машиніст слюдовибиральної установки
8111,Машиніст солезбирального комбайна
8111,Машиніст солекомбайна
8111,Машиніст торфовидобувного екскаватора
8111,Машиніст установки для руйнування негабаритів гірничої маси
8111,Машиніст фрезагрегата
8111,Моторист ропокачки
8111,Навальник солі в басейнах
8111,Оператор сіркодобувних та водовідливних свердловин
8111,Регулювальник роботи свердловин
8111,Сушильник (збагачення)
8111,Центрифугувальник (збагачення)
8112,Агломератник
8112,Апаратник виробництва гірського воску
8112,Апаратник виробництва озокериту та озокеритової продукції
8112,Апаратник виробництва реагентів
8112,Апаратник вуглезбагачення
8112,Апаратник збагачення золотовмісних руд
8112,Апаратник приготування брикетної суміші
8112,Апаратник сушіння торфу та торфових виробів
8112,Бункерувальник
8112,Варильник торфомаси
8112,Випалювач (агломерація)
8112,Горновий на агломерації та випалюванні
8112,Грохотник
8112,Доводжувач
8112,Доводжувач алмазовмісних концентратів
8112,Дозувальник
8112,Дозувальник гарячого повертання
8112,Дозувальник реагентів
8112,Долотозаправник
8112,Драгер
8112,Дробильник (виробництво цементу)
8112,"Дробильник (збагачування, агломерація й брикетування)"
8112,Збагачувач графіту
8112,Контролер з дорогоцінної продукції
8112,Концентраторник
8112,Лаборант азбестозбагачувального виробництва
8112,Лаборант волокнистоцементного виробництва
8112,Машиніст брикетного преса
8112,Машиніст дробильно-навантажувального агрегата
8112,Машиніст змішувальних барабанів
8112,Машиніст кратцера
8112,Машиніст механічного чи флотаційного збагачення руди
8112,Машиніст млинів (збагачення та брикетування вугілля)
8112,Машиніст огрудковувача
8112,Машиніст охолоджувачів
8112,Машиніст промивальних машин
8112,Машиніст реактивної установки
8112,Машиніст розливальної машини (перероблення озокеритових руд)
8112,Машиніст рудоусереднювальної машини
8112,Машиніст солезбагачувальної установки
8112,Машиніст сушильної установки
8112,Машиніст установок збагачення та брикетування
8112,Мельник мінеральної сировини
8112,Моторист промивального приладу для вилучення металу
8112,Оператор пульта керування
8112,Регулювальник азбестозбагачувального устаткування
8112,Розпилювач каменю (оброблення каменю)
8112,Сепараторник (збагачення)
8112,Флотатор
8112,Фрезерувальник каменю
8112,Фільтрувальник
8112,Шламівник-басейник
8112,Шліфувальник гірських порід
8112,Шліфувальник-полірувальник виробів з каменю
8113,Бурильник (будівельні роботи)
8113,Бурильник експлуатаційного та розвідувального буріння свердловин на нафту та газ
8113,Бурильник капітального ремонту свердловин
8113,Бурильник плавучого бурильного агрегата в морі
8113,Бурильник шпурів
8113,Дизеліст плавучого бурильного агрегата в морі
8113,Машиніст агрегатів для обслуговування нафтогазопромислового устаткування
8113,Машиніст бурових установок на нафту й газ
8113,Машиніст бурової установки
8113,Машиніст з цементування свердловин
8113,Машиніст каротажної станції
8113,Машиніст насосної станції з накачування робочого агента в пласт
8113,Машиніст парової пересувної депарафінізаційної установки
8113,Машиніст парогенераторної установки з накачування пари в нафтові пласти
8113,Машиніст пересувного компресора
8113,Машиніст промивального агрегата
8113,Машиніст підіймача для випробування свердловин
8113,Машиніст установки для буріння стовбурів шахт повним перерізом
8113,Машиніст установки збудження сейсмічних сигналів
8113,Машиніст шурфопрохідницької установки
8113,Моторист бурової установки
8113,Моторист цементо-піскозмішувального агрегата
8113,Моторист цементувального агрегата
8113,Оператор з випробування свердловин
8113,Оператор з геофізичного випробування корисних копалин
8113,Оператор з гідравлічного розривання пластів
8113,Оператор з добування нафти й газу
8113,Оператор з дослідження свердловин
8113,Оператор з підготовки свердловин до капітального та підземного ремонтів
8113,Оператор з підземного ремонту свердловин
8113,Оператор з підтримування пластового тиску
8113,Оператор з хімічного оброблення свердловин
8113,Оператор з цементажу свердловин
8113,Оператор зневоднювальної та знесолювальної установки
8113,Оператор пульта керування у видобуванні нафти й газу
8113,Оператор із збирання газу
8113,Оператор-моторист станції контролю цементажу
8113,Помічник бурильника експлуатаційного та розвідувального буріння свердловин на нафту й газ
8113,Помічник бурильника експлуатаційного та розвідувального буріння свердловин під час електробуріння
8113,Помічник бурильника капітального ремонту свердловин
8119,Електромеханік гірничого устаткування підземний
8119,Машиніст машин для видобування та перероблення торфу
8119,Машиніст технологічного обладнання збагачувальної фабрики
8119,Моторист агрегатів для цементування свердловин
8119,Помічник бурильника свердловин (добування нафти й газу)
8121,Андоник у виробництві алюмінію
8121,Апаратник виготовлення штучного шеєліту
8121,Апаратник електрохімічного виробництва танталу
8121,Апаратник з виробництва ванадію
8121,Апаратник з розділення рідкоземельних елементів
8121,Апаратник карбідизації
8121,Апаратник на плазмових установках
8121,Апаратник на приготуванні сумішей та розчинів
8121,Апаратник одержання високочистих сполук лужних металів
8121,Апаратник одержання гідроокисних сполук лужних металів
8121,Апаратник окислення молібденових відходів
8121,Апаратник печей відновлення
8121,Апаратник приготування електроліту
8121,Апаратник приготування сірчанокислого глинозему
8121,Апаратник у виробництві дорогоцінних металів
8121,Апаратник у виробництві металевих порошків
8121,Апаратник у виробництві солей
8121,Апаратник у виробництві титану й рідкісних металів
8121,Апаратник-гідрометалург
8121,Бригадир бункерів
8121,Бригадир двору виливниць
8121,Бригадир на дільницях основного виробництва (металургія)
8121,Бригадир розливальних машин
8121,Бригадир розроблення шлакового відвалу
8121,Бригадир рудного двору
8121,Бригадир шихтового двору у сталеплавильному та феросплавному виробництвах
8121,Бункерувальник доменних печей
8121,Верховий доменної печі
8121,Вибивальник титанової губки
8121,Вибірник-сортувальник вогнетривкого брухту
8121,Виливальник-заливальник металу
8121,Газівник доменної печі
8121,Газівник шахтової печі
8121,Горновий доменної печі
8121,Горновий з десульфурації чавуну
8121,Горновий шахтової печі
8121,Готувач составів до розливання плавок
8121,Готувач сталерозливних канав
8121,Грануляторник доменного шлаку
8121,Завантажувач лугу
8121,Завантажувач шихти
8121,Заготівник хімічних напівфабрикатів тугоплавких металів
8121,Змішувальник (плавка руд кольорових металів)
8121,Ковшовий
8121,Конвертерник
8121,Конденсаторник
8121,Контролер продукції кольорової металургії (плавка руд кольорових металів)
8121,Контролер у виробництві чорних металів
8121,Лаборант з аналізу газів у металах
8121,Лаборант з аналізу формувальних та шихтових сумішей
8121,Лаборант пробірного аналізу
8121,Лаборант спектрального аналізу
8121,Лаборант-металограф
8121,Машиніст гідроочищення та змазування виливниць
8121,Машиніст дистрибутора
8121,Машиніст дробильно-помельно-сортувальних механізмів
8121,Машиніст завалювальної машини
8121,Машиніст заправної машини
8121,Машиніст машини для ламання футерування конверторів та ковшів
8121,Машиніст просіювальних установок
8121,Машиніст розливної машини (чорна металургія)
8121,Машиніст шихтоподачі
8121,Машиніст-транспортувальник гарячого металу (рудо- та металоплавильні печі)
8121,Міксеровий
8121,Набивальник блоків
8121,Набирач стопорів
8121,Оператор завантаження конвертера
8121,Оператор логоскопа
8121,Оператор машини безперервного лиття заготовок
8121,Оператор пароежекторної установки вакуумування металу
8121,Оператор систем гідравліки та охолодження машини безперервного лиття заготовок
8121,Плавильник (плавка руд кольорових металів)
8121,Плавильник розкислювачів
8121,Плавильник синтетичних шлаків
8121,Пультівник електроплавильної печі
8121,Пультівник конвертера
8121,Підручний сталевара вакуумної печі
8121,Підручний сталевара електропечі
8121,Підручний сталевара конверторного виробництва (конвертера)
8121,Підручний сталевара мартенівської печі
8121,Підручний сталевара печі прямого відновлення заліза
8121,Підручний сталевара установки електрошлакового переплаву
8121,Підручний сталевара установки позапічного оброблення сталі
8121,Регулювальник електродів (плавка руд кольорових металів)
8121,Розливальник кольорових металів та сплавів
8121,Розливальник сталі
8121,Скіповий
8121,Сталевар вакуумної печі
8121,Сталевар електропечі
8121,Сталевар конвертера
8121,Сталевар мартенівської печі
8121,Сталевар установки електрошлакового переплаву
8121,Сталевар установки позапічного оброблення сталі
8121,Флюсовар (доменне виробництво)
8121,Шлакувальник
8122,Автоклавник лиття під тиском
8122,Апаратник вакуум-термічної печі
8122,Апаратник відпалу хрому
8122,Апаратник у виробництві твердих сплавів і тугоплавких металів
8122,Бригадир відділення відцентрових машин
8122,Вагранник (ливарні роботи)
8122,Вальцювальник профілевигинального агрегата
8122,Вальцювальник стана гарячого прокату
8122,Вальцювальник стана холодного прокату
8122,Вальцювальник холодного металу
8122,Вальцювальник із складання та перевалки клітей
8122,Варник ливарних мастил
8122,Варник пеку
8122,Випалювач відходів металу
8122,Випробувач металу
8122,Виробник-налагоджувальник прес-проводок
8122,Відбивник ртуті
8122,Горновий феросплавних печей
8122,Електролізник водних розчинів
8122,Електролізник розплавлених солей
8122,Завалювальник шихти у вагранки та печі
8122,Заливальник анодів
8122,Заливальник металу
8122,Заливальник свинцево-олов'янистих сплавів
8122,Збагачувач відходів
8122,Змішувальних (вторинна переплавка кольорових металів)
8122,Катодник
8122,Каширувальник-фарбувальник фольги
8122,Клеймувальник гарячого металу (вторинна переплавка чорних металів)
8122,Комплектувальник форм сухозлітних металів
8122,Контролер у ливарному виробництві
8122,"Ливарник вакуумного, відцентрово-вакуумного й відцентрового лиття"
8122,Ливарник виробів із свинцевих сплавів
8122,Ливарник кольорових металів
8122,Ливарник металів та сплавів
8122,Ливарник методом спрямованої кристалізації
8122,Ливарник на машинах для лиття під тиском
8122,Ливарник художніх виробів
8122,Листобійник
8122,Машиніст ведучого мотора прокатного стана
8122,Машиніст завантажувальних механізмів
8122,Машиніст зливколамача
8122,Машиніст машини вогневого зачищення
8122,Машиніст преса
8122,Машиніст реверсивної парової машини прокатного стана
8122,Машиніст сталеструминної машини (прокатне виробництво)
8122,Машиніст фрезерно-зачисної машини
8122,Машиніст-транспортувальник гарячого металу (сталеплавильне та прокатне виробництва)
8122,Нагрівальник металу (прокатне виробництво)
8122,Оброблювач вторинних шламів
8122,Оброблювач матричних листів
8122,Оброблювач поверхневих дефектів металу (сталеплавильне та прокатне виробництва)
8122,Оброблювач прутків сормайту
8122,Оброблювач твердосплавних виробів
8122,Оператор електрогідравлічного очищення відливок
8122,Оператор електрохімічного очищення заготовок
8122,Оператор лінії оброблення рейок
8122,Оператор обдирних верстатів (сталеплавильне та прокатне виробництва)
8122,Оператор обрубного відділення
8122,Оператор поста керування (сталеплавильне та прокатне виробництва)
8122,Оператор поста керування агрегатами об'ємного гартування рейок
8122,Оператор поста керування системою шихтоподачі
8122,Оператор поста керування станом гарячого прокату труб
8122,Оператор поста керування станом гарячої прокатки
8122,Оператор поста керування станом холодного прокату
8122,Оператор профілевигинального агрегата
8122,Оператор пульта керування трансбордерним та горизонтально-замкненим конвеєрами
8122,Оператор свердлильного агрегата та преса
8122,Оператор-ливарник на автоматах та автоматичних лініях
8122,Перемотувальник рулонів
8122,Перемотувальник стрічки (чорна металургія)
8122,Печовий відновлення заліза та відпалу залізних порошків
8122,Печовий з виробництва триоксиду сурми
8122,Печовий з відновлення нікелевого порошку
8122,Печовий з відновлення термічним способом
8122,Печовий з перероблення титановмісних та рідкоземельних матеріалів
8122,Печовий йодидного рафінування
8122,Печовий на вельц-печах
8122,Печовий на відновленні й дистиляції титану та рідкісних металів
8122,Печовий на одержанні цинкового купоросу
8122,Печовий у виробництві цинкового пилу
8122,Плавильник (вторинна переплавка кольорових металів)
8122,Плавильник барієвого електроліту
8122,Плавильник вторинного олова
8122,Плавильник електронно-променевої плавки
8122,Плавильник металу на вакуумних печах
8122,Плавильник металу та сплавів
8122,Плавильник свинцевих сплавів
8122,Плавильник феросплавів
8122,Плавильник циклонної установки
8122,Плавильник шоопсплаву та вісмуту
8122,Полірувальник листів та стрічок
8122,Посадчик металу (прокатне виробництво)
8122,Правильник прокату й труб (прокатне виробництво)
8122,Пресувальник коліс та бандажів
8122,Пресувальник стальних профілів на установці гідроекструзії
8122,Пресувальник-прошивальник рейкових скріплень
8122,Приймальник дорогоцінних металів та сировини
8122,Просочувальник (кольорова металургія)
8122,Підручний вальцювальника стана гарячого прокату
8122,Підручний вальцювальника стана холодного прокату
8122,Рафінувальник ртуті
8122,Регулювальник електродів (плавка концентратів кольорових металів)
8122,Репульпаторник
8122,Розбивальник феросплавів
8122,Роздиральник пакетів
8122,Роздільник титанової губки
8122,Розливальник ртуті
8122,Розмітник прокату
8122,Різальник гарячого металу (прокатне виробництво)
8122,Різальник холодного металу (прокатне виробництво)
8122,Сортувальник-здавальник металу
8122,Спікальник
8122,Талькувальник листів та стрічок
8122,Укладач фтористих присадок
8122,Флюсовар (сталеплавильне виробництво)
8122,Хлораторник
8122,Хлораторник з приготування двохлористого олова
8122,Цементаторник
8122,"Чистильник металу, відливок, виробів та деталей"
8122,Чистильник продукції
8122,Чистильник феросплавів
8122,Шабрувальник кольорових металів
8122,Шихтувальник
8122,Шихтувальник (ливарні роботи)
8122,Шламівник електролітних ванн
8122,Штабелювальник металу
8123,Ізолювальник у термообробленні
8123,Бригадир колодязів сповільненого охолодження металу
8123,Відпальник кольорових металів
8123,Гартівник
8123,Завантажувач термічних печей
8123,Заготівельник суміші для цементації
8123,Контролер з термооброблення
8123,Контролер продукції кольорової металургії (термічне оброблення)
8123,Напаювальник
8123,Оператор печі з термічного очищення поверхні металевих виробів
8123,Оператор-терміст на автоматичних лініях
8123,Оператор-терміст на пересувних термічних установках
8123,Прожарювач
8123,Силицирувальник
8123,Синильник
8123,Спікальник стрічкових осердь
8123,Терміст
8123,Терміст на установках СВЧ
8123,Терміст прокату й труб
8123,Терміст холодом
8124,Ізолювальник труб на лінії
8124,Бригадир бурильного відділення
8124,"Бригадир відділення калібрування, волочіння та шліфування металу"
8124,Бригадир дільниці пресів-розширювачів
8124,Бригадир дільниці станів холодної прокатки труб
8124,Бригадир трубоволочильного відділення
8124,Вальцювальник калібрувального стана
8124,Вальцювальник обкатної машини
8124,Вальцювальник стана гарячого прокату труб
8124,Вальцювальник стана пічного зварювання труб
8124,Вальцювальник стана холодного прокату труб
8124,Вальцювальник трубоформувального стана
8124,Волочильник дроту
8124,Волочильник кольорових металів
8124,Волочильник труб
8124,Відпальник прецизійної сталі та сплавів
8124,Готувач прокатного інструменту
8124,Заварник труб та балонів
8124,Заливальник-труболиварник
8124,Зварник пічного зварювання труб
8124,Калібрувальник труб на пресі
8124,Кантувальник-укладальник
8124,Клеймувальник гарячого металу (трубне виробництво)
8124,Контролер продукції кольорової металургії (трубне виробництво)
8124,Машиніст вантажних механізмів
8124,Машиніст гідропневматичної установки
8124,Машиніст сталеструминної машини (трубне виробництво)
8124,Машиніст формувальної машини
8124,Машиніст-транспортувальник гарячого металу (трубне виробництво)
8124,Набирач пакетів
8124,Набирач пакетів листів та труб
8124,Нагрівальник кольорових металів
8124,Нагрівальник металу (трубне виробництво)
8124,Обмазувальник листів та труб
8124,Оброблювач поверхневих дефектів металу (трубне виробництво)
8124,Оператор дротового прокатного стана
8124,Оператор лінії з оброблення кольорових металів
8124,Оператор обдирних верстатів (трубне виробництво)
8124,Оператор поста керування (трубне виробництво)
8124,Паяльщик труб
8124,Перфораторник фольги
8124,Посадчик металу (трубне виробництво)
8124,Правильник прокату й труб (трубне виробництво)
8124,Пресувальник гарячих труб
8124,Пресувальник на випробуванні труб і балонів
8124,Пресувальник на гідропресах
8124,Пресувальник твердих сплавів
8124,Пресувальник туб
8124,Прокатник гарячого металу
8124,Підручний вальцювальника стана гарячого прокату труб
8124,Підручний вальцювальника стана холодного прокату труб
8124,Розбортувальник вініпластових та поліетиленових труб
8124,Різальник гарячого металу (трубне виробництво)
8124,Різальник сухозлітних металів
8124,Різальник труб та заготовок
8124,Різальник холодного металу (трубне виробництво)
8124,Труболиварник-формувальник
8124,Трубопрокатник
8124,Ґратознімач
8129,Апаратник у виробництві кольорових металів
8129,Оператор машин та установок у чорній металургії
8129,Пресувальник у металургійному виробництві
8130,Ливарник у виробництві неметалевих виробів
8130,Пресувальник у виробництві неметалевих виробів
8130,Формувальник у виробництві неметалевих виробів
8130,Шліфувальник виробів з кераміки
8131,Іризаторник
8131,Варник рідкого скла
8131,Вибивальник виробів із гіпсових форм
8131,"Вибірник фарфорових, фаянсових та керамічних виробів"
8131,Вивантажувач вогнетривких матеріалів з печей
8131,Випалювач (виробництво художніх виробів)
8131,Випалювач виробів будівельної кераміки
8131,Випалювач електрокерамічних виробів
8131,Випалювач матеріалів
8131,Випалювач на печах
8131,Випалювач стінових та в'яжучих матеріалів
8131,Випалювач у виробництві скла
8131,Випалювач фарфорових та фаянсових виробів
8131,Виробник профільних заготовок
8131,Виробник скляної плівки
8131,Виробник формотримачів
8131,Виставник
8131,Витягальник з вироблення скляних труб та дроту (із скла)
8131,Відламувач скла від машин
8131,Відрізальник стрічки скла
8131,Гартівник скла
8131,Глазурувальник електрокерамічних і виробів
8131,Глазурувальник фарфорових та фаянсових виробів
8131,Гранулювальник (виробництво скла та скловиробів)
8131,"Забирач фарфорових, фаянсових та керамічних виробів"
8131,Завантажувач печей
8131,Завантажувач сировини й напівфабрикатів
8131,Завантажувач-вивантажувач випалювальних печей
8131,Завантажувач-вивантажувач сушарок
8131,Зливальник скломаси
8131,"Знімач-укладальник фарфорових, фаянсових та керамічних виробів"
8131,Калібрувальник гіпсових форм
8131,Кварцоплавильник
8131,Лаборант лабораторії штучного старіння скловиробів
8131,Ливарник гіпсових форм
8131,Ливарник електрокерамічних виробів
8131,Ливарник облицювальних плиток
8131,Ливарник санітарно-будівельних виробів на конвеєрі
8131,Ливарник санітарно-будівельних виробів на стенді
8131,Ливарник скла
8131,Машиніст машин витягування скла
8131,Машиніст прокатної машини
8131,Машиніст прокатної машини термостійкого скла та склопрофіліту
8131,Металізатор електрокерамічних виробів
8131,Моторист на подаванні крокусної суспензії
8131,Муляр (пічник) черговий біля печей
8131,Намотувальник сіток
8131,Настелювач скла
8131,Обміднювальник
8131,Оператор автоматичної лінії для виробництва піноскла
8131,Оператор вакуумно-напилювальних процесів
8131,Оператор вакуумприсосних механізмів та приладів
8131,Оператор видувного напівавтомата
8131,Оператор лінії фарбування цегли
8131,Оператор на підігріванні мазуту
8131,Оператор на уварювальних машинах
8131,Оператор на філаментмашині
8131,Оператор обдувальної установки
8131,Оператор склоформувальних машин
8131,Оператор установки СВЧ
8131,Оператор фацетного верстата
8131,Оператор формування стрічки скла
8131,Оператор-нарізувач
8131,Плавильник вогнетривкої сировини
8131,Правильник біля склоформувальної та опалювальної машин
8131,Пресувальник виробів будівельної кераміки
8131,Пресувальник виробів із склопорошку
8131,Пресувальник електрокерамічних виробів з пластичних мас
8131,Пресувальник електрокерамічних виробів з порошкових мас
8131,Пресувальник електрокерамічних виробів у гумових формах
8131,Пресувальник склопакетів
8131,Пресувальник фарфорових труб
8131,Прокатник фарфорових труб
8131,Промазувальник форм
8131,Пропарювач стінових матеріалів
8131,Просівальник матеріалів
8131,Піскоструминник скла
8131,Розвідник (розпускальник) халяв
8131,Різальник керамічних та фарфорових виробів
8131,Різальник піноблоків
8131,Садчик
8131,Садчик каміння у випалювальні печі
8131,Садчик у печі та на тунельні вагони
8131,Свердлувальник електрокерамічних виробів
8131,Свердлувальник скловиробів
8131,Складальник етажеркових вагонеток
8131,Скловар
8131,Сортувальник напівфабрикатів та виробів
8131,Сріблильник
8131,Ставильник скловиробів у автоклави
8131,Ставильник-вибірник виробів з печей
8131,"Ставильник-вибірник фарфорових, фаянсових та керамічних виробів на вагонетках"
8131,"Сушильник фарфорових, фаянсових, керамічних виробів і сировини"
8131,Трамбувальник вогнеприпасів з карборунду
8131,Флотаторник (виробництво скла та скловиробів)
8131,Формувальник капселів
8131,Фідерник
8131,Хальмівник
8131,"Чистильник димоходів, лежаків та топок"
8131,Шліфувальник виробів будівельної кераміки
8131,Шліфувальник електрокерамічних виробів
8139,Автоклавник (виробництво скла та скловиробів)
8139,Апаратник з вироблення шліфувальної шкурки
8139,Апаратник одержання порожнистих мікросфер
8139,Бакелізаторник
8139,Балансувальник-заливальник абразивних кругів
8139,Бігунник змішувальних бігунів
8139,Вакуум-пресувальник керамічної маси та заготовок
8139,Вальцювальник маси на вулканітовій зв'язці
8139,Випробувач абразивів
8139,Випробувач карборундових стрижнів
8139,Виробник абразивних дисків та полірувальних виробів
8139,Виробник виробів із шліфувальної шкурки
8139,Виробник джгутів
8139,Вулканізаторник кругів на вулканітовій зв'язці
8139,"Готувач абразивних порошків, паст і мастик"
8139,Готувач ангобу та глазурі
8139,"Готувач заправних, вогнетривких матеріалів та термічних сумішей"
8139,Готувач мас
8139,Готувач преміксів
8139,Готувач пульпи
8139,Готувач розчинів та мас
8139,Готувач шихти
8139,Дозувальник керамічних матеріалів
8139,"Дробильник шліфзерна, шліфпорошків та шихтових матеріалів"
8139,"Дробильник-розмелювач (виробництво керамічних, фарфорових та фаянсових виробів)"
8139,Дробильник-розмелювач (виробництво скла та скловиробів)
8139,Завантажувач дробильно-помельного устаткування
8139,Завантажувач печей опору
8139,Завантажувач-вивантажувач абразивних виробів у періодичні випалювальні печі
8139,Завантажувач-розвантажувач сушильних печей
8139,Заготівник абразивної маси
8139,"Заготівник бакелітової, вулканітової та епоксидної маси"
8139,Засипальник шихти
8139,Збагачувач шліфзерна та шліфпорошків
8139,Знезводнювач шліфзерна та шліфпорошків
8139,"Знімач-укладальник заготовок, маси та готових виробів"
8139,Знімач-укладальник у виробництві стінових та в'яжучих матеріалів
8139,Зшивальник-проклеювач
8139,Канавник (виробництво скла)
8139,Класифікаторник піску та пемзи
8139,Класифікаторник шліфпорошків
8139,Контролер абразивних матеріалів та виробів
8139,"Контролер цехів плавлення, дроблення, регенерації та розсівання"
8139,Коректувальник шламу
8139,Кочегар-випалювач
8139,Ламач поду
8139,Машиніст електролафета
8139,Машиніст зшивальної машини
8139,Машиніст пневмотранспорту
8139,Машиніст скіпового підіймача
8139,Машиніст тельфера
8139,Машиніст холодильника
8139,Мішальник керамічного шлікеру
8139,Насаджувач манжет
8139,Натягач сіток
8139,Обдувальник абразивних виробів
8139,Обплітальник склоджгутів
8139,Оператор виробництва кремнеземних матеріалів
8139,Оператор одержання безперервного скловолокна
8139,Оператор одержання кварцових скловолокон
8139,Оператор одержання оптичного скловолокна
8139,Оператор одержання штапельного скловолокна
8139,Оператор прохідних сушарок
8139,Оператор розпушувально-щипальних машин
8139,Оправник вогнетривких виробів
8139,Парафінувальник виробів (виробництво художніх виробів)
8139,Парафінувальник виробів (чорна металургія)
8139,Перегонник печей та трансбордерних установок
8139,Плавильник абразивних матеріалів
8139,Подинник
8139,Постановник-вивантажувач абразивних виробів
8139,Правильник абразивних кругів
8139,Пресувальник вогнетривких виробів
8139,Прожарювач зерна та шліфпорошків
8139,Просівальник порошків
8139,Просівач бісеру
8139,Просівач порошків на механічних ситах
8139,Підбирач-обліковець абразивних виробів
8139,Регенераторник абразивів
8139,Розбивальник сировини
8139,Розбирач печей опору
8139,Розливальник-загладжувальник піномаси
8139,Розмотувач склонитки
8139,Розпилювач невипалених кругів та брусків
8139,Розподілювач силікатної маси
8139,Розсівальник шліфзерна та шліфпорошків
8139,Різальник брикету та заготовок
8139,Різальник шліфувальної шкурки
8139,Свердлувальник абразивних виробів
8139,Сепараторник (виробництво скла)
8139,Сепараторник шліфзерна
8139,Сортувальник абразивних матеріалів
8139,Сортувальник куска на печах опору
8139,Сушильник абразивних виробів
8139,Сушильник виробів (виробництво стінових та в'яжучих матеріалів)
8139,"Сушильник шліфзерна, шліфпорошків та шихтових матеріалів"
8139,Токар з оброблення абразивних виробів
8139,Токар по каменю
8139,Укладач маси на мішалках
8139,Усереднювач сировини
8139,"Формувальник абразивних виробів на бакелітовій, вулканітовій та епоксидній зв'язках"
8139,Формувальник абразивних виробів на керамічній зв'язці
8139,Формувальник вогнетривких виробів
8139,"Фритівник (виробництво керамічних, фарфорових та фаянсових виробів)"
8139,"Фільтр-пресувальник (виробництво керамічних, фарфорових та фаянсових виробів)"
8139,Чистильник абразивних виробів
8139,"Шихтувальник (виробництво керамічних, фарфорових та фаянсових виробів)"
8139,Шихтувальник (виробництво стінових та в'яжучих матеріалів)
8139,Шихтувальник у виробництві абразивів
8139,Шліфувальник-різальник вогнетривких виробів
8141,Вентильовий гідравлічного преса
8141,Верстатник лущильного верстата
8141,Завантажувач деревних та костричних плит
8141,Заготівник суміші для будівельних плит з костриці
8141,Лагодильник шпону й фанери
8141,Машиніст відливної машини
8141,Машиніст змішувального агрегата
8141,Оператор агрегатних ліній сортування та перероблення деревини
8141,Оператор високочастотної установки
8141,Оператор установок та ліній оброблення пиломатеріалів
8141,Оператор формувальної машини
8141,Оператор центрального пульта керування у виробництві деревних та костричних плит
8141,Оператор інерційних сепараторів
8141,Пресувальник деревних та костричних плит
8141,Рамник
8141,Розмелювач деревини
8141,Розформувальник
8141,Сепараторник (деревообробні виробництва)
8141,Складальник
8141,Складальник фанерних труб
8141,Склеювач фанерних труб
8142,Варник бавовни
8142,Варник ганчір'я
8142,Варник хімічної деревної маси
8142,Варник целюлози
8142,Вибілювальник (виробництво целюлози)
8142,Виготовлювач рівняльників та циліндрів
8142,Випарювальник луговини
8142,Деревопар
8142,Дефібрерник
8142,Дифузорник целюлози
8142,Завантажувач балансів у дефібрери
8142,Згущувач
8142,Каландрувальник (целюлозно-паперове виробництво)
8142,Контролер целюлозно-паперового виробництва
8142,Машиніст преспата (сіткар)
8142,Машиніст рубальної машини (виробництво целюлози та паперу)
8142,Машиніст термодисперсійної установки
8142,Міксівник
8142,Оператор виробництва деревної маси з трісок
8142,Оператор очисного устаткування
8142,Оператор пневмогідроподачі
8142,"Пресувальник відходів (виробництво целюлози, паперу, картону й виробів з них)"
8142,Пресувальник кори
8142,Пресувальник преспата
8142,Промивальник целюлози
8142,Регулювальник композиції та концентрації маси
8142,Розмелювач (виробництво паперу та картону)
8142,Сортувальник паперового виробництва
8142,Сушильник преспата
8143,Автоматник картонажного виробництва
8143,Виготовлювач виливаних паперових виробів
8143,Закрійник картону та інших матеріалів
8143,Закрійник-різальник
8143,Заправник рулонів картону та паперу
8143,Зволожувальник паперу та картону
8143,"Знімач целюлози, паперу, картону та виробів з них"
8143,Картонажник
8143,Колорист (виробництво паперу)
8143,Комплектувальник деталей та виробів з паперу
8143,Машиніст автоматизованої лінії для виготовлення гофроящиків
8143,Машиніст бітумувальної машини
8143,Машиніст вакуум-формувальної машини (вироби з картону)
8143,Машиніст висікально-штампувальної машини
8143,Машиніст гофрувального агрегата
8143,Машиніст катальної машини
8143,Машиніст клеїльно-сушильної машини (клеїльник)
8143,Машиніст крейдувальної машини
8143,Машиніст крепової машини
8143,Машиніст лінії виготовлення втулок паперових
8143,Машиніст машин для склеювання паперових виробів
8143,Машиніст машини для виготовлення паперу до тютюнових фільтрів
8143,Машиніст машини для виробництва виробів з паперу
8143,Машиніст машини для покриття паперу плівкою та розчином
8143,Машиніст машини довговолокнистих паперів
8143,Машиніст нашарувальної машини
8143,Машиніст папероробної (картоноробної) машини (сіткар)
8143,Машиніст паперофарбувальної машини (фарбувальник)
8143,Машиніст папкової машини
8143,Машиніст рилювальної машини
8143,Машиніст силіконової машини
8143,Машиніст трубкової машини (трубковик)
8143,Набирач паперових валів
8143,Накатник клеїльно-сушильної машини
8143,Накатник машини для покриття паперу плівкою та розчином
8143,Накатник папероробної (картоноробної) машини
8143,Накатник преспата
8143,Оператор маніпулятора (лісове господарство та лісозаготівля)
8143,Перфораторник паперових виробів
8143,Пресувальник картону
8143,Пресувальник папероробної (картоноробної) машини
8143,Просочувальник паперу та паперових виробів
8143,Розкатник-сортувальник паперу
8143,Розмотувач стрічок
8143,"Різальник паперу, картону та целюлози"
8143,Сушильник вакуум-формувальної машини
8143,Сушильник папероробної (картоноробної) машини
8143,"Сушильник паперу, картону та виробів з них"
8143,Фарбоукладач
8143,Філігранник паперу
8149,"Машиніст у виробництві паперу, картону та виробів з них"
8149,Оператор устаткування з перероблення деревини
8151,Ізолювальник елементного виробництва
8151,Індикаторник
8151,Апаратник готування емалей
8151,Апаратник диспергування пігментів і барвників
8151,Апаратник дозування
8151,Апаратник з приготування хімреагентів
8151,Апаратник змішування
8151,Апаратник змішування барвників
8151,Апаратник змішувачів
8151,Апаратник коагуляції
8151,Апаратник кульових млинів
8151,Апаратник одержання мікронізованих матеріалів
8151,Апаратник подрібнювання та переддозрівання
8151,Апаратник приготування емульсій
8151,Апаратник приготування замісів
8151,Апаратник приготування компаундів
8151,Апаратник приготування прядильних розчинів
8151,Апаратник приготування сирої суміші
8151,Апаратник приготування сумішей (спеціальні хімічні виробництва)
8151,Апаратник приготування хімічних розчинів
8151,Апаратник приготування хімічних розчинів (спеціальні хімічні виробництва)
8151,Апаратник розчинення
8151,Апаратник розчинення лакових основ
8151,Апаратник сатурації
8151,Апаратник стандартизації
8151,Апаратник хімводоочищення електростанції
8151,Апаратник-фарботерник
8151,Басейник
8151,Бітумник
8151,"Варник воскової, клейової маси та просочувальної суміші"
8151,Виготовлювач звукопоглинальних клинів
8151,Виготовлювач склоблоків
8151,Виробник мікрофонних порошків
8151,Готувач активних мас
8151,Готувач електропровідного шару
8151,Готувач емалевих порошків
8151,Готувач емульсій
8151,"Готувач лаків, фарб та левкасу"
8151,Готувач обмазки
8151,Готувач пакувань та целюлози
8151,Готувач пасти
8151,Готувач піротехнічних сумішей
8151,Готувач розчинів та електролітів
8151,Готувач розчинів та сумішей
8151,Готувач склеювальної суміші
8151,Готувач сумішей і мас медичного призначення
8151,Готувач сірникових мас
8151,Готувач ущільнювальних розчинів та паст
8151,Готувач хімічних розчинів
8151,Дозувальник (спеціальні хімічні виробництва)
8151,Дозувальник дробленого каменю та бітуму
8151,Дозувальник мінералізатора
8151,Дозувальник сировини
8151,Дозувальник-змішувач на шнеках
8151,Дробильник (спеціальні хімічні виробництва)
8151,Дробильник (хімічне виробництво)
8151,Дробильник алмазів та надтвердих матеріалів
8151,Дробильник вапна
8151,Дробильник електровугільного виробництва
8151,Дробильник компонентів обмазки
8151,Дробильник слюди
8151,Дробильник теплоізоляційної сировини
8151,Дробильник-розмелювач (виробництво залізобетонних та бетонних виробів)
8151,Електродник (виробництво металевих електродів)
8151,Завантажувач мелючих тіл
8151,Заготівник азбестової суміші
8151,Змішувальник (виробництво олівців)
8151,Змішувальник (виробництво теплоізоляційних матеріалів)
8151,Змішувальник борошна на силосах
8151,Кислотник (гідролізне виробництво)
8151,Класифікаторник роздрібненого каменя
8151,Колорист (лакофарбове виробництво)
8151,Контролер електродного виробництва
8151,Машиніст вальцьових верстатів
8151,Машиніст вугільних млинів
8151,Машиніст змішувача асфальтобетону пересувного
8151,Машиніст змішувача асфальтобетону стаціонарного
8151,Машиніст млина
8151,Машиніст млинів (хімічне виробництво)
8151,Машиніст подрібнювального агрегата
8151,Машиніст розволокнювальної машини
8151,Машиніст розподільника цементу аераційного самохідного
8151,Машиніст розподільника цементу гравітаційного причіпного
8151,Машиніст розпушувальних машин
8151,Машиніст розчинозмішувача пересувного
8151,Машиніст розчинонасоса
8151,Машиніст рубальної машини (дубильно-екстрактове виробництво)
8151,Машиніст сировинних млинів
8151,Машиніст установки для приготування пульпи
8151,Машиніст установки для розщеплення слюди
8151,Машиніст установки пересувної автоматизованої безперервної дії для приготування бетонних сумішей
8151,Машиніст цементних млинів
8151,Машиніст штукатурної станції пересувної
8151,Мельник вапна
8151,Мельник деревообробного виробництва
8151,Мельник емалевих матеріалів
8151,Мішальник вугільних мас
8151,Мішальник сухої маси (для свинцевих акумуляторів)
8151,Набирач запалювальної суміші (спеціальні хімічні виробництва)
8151,Наважувач-готувач азбестових сумішей
8151,Оброблювач соапстоку
8151,Оператор водомаслостанції
8151,Оператор дисперсійних змішувачів для приготування стрижневої маси
8151,Оператор приготування розчинів живильного середовища та солей
8151,Оператор турбозмішувача
8151,Препараторник
8151,Приготувач просочувальних та ізолюючих сумішей
8151,Приймальник сировини для клею
8151,Прожарювач порошку для кабеля
8151,Просівальник (розсівальник)
8151,Просівальник сипких матеріалів
8151,Просівальник фтористого натрію та гашеного вапна
8151,Просівач
8151,Реактивник
8151,Розмелювач (мельник) випарених кісток
8151,Розмелювач (спеціальні хімічні виробництва)
8151,Розмелювач (хімічна промисловість)
8151,Розмелювач олівцевої маси
8151,Розмелювач-дозувальник вугільних мас
8151,Розчиняльник лаку
8151,Сортувальник електродів
8151,Усереднювач (спеціальні хімічні виробництва)
8151,Фарбовар
8151,Фарботерник
8151,Фенольник
8151,Флегматизаторник порохів (спеціальні хімічні виробництва)
8151,Хлорник
8151,Чистильник на очищенні шламових басейнів та кописток
8151,Шихтувальник (виробництво олівців)
8151,Шихтувальник (виробництво теплоізоляційних матеріалів)
8151,Шихтувальник (хімічне виробництво)
8151,Шламівник
8151,Шнеківник
8152,Автоклавник-сушильник акумуляторних пластин у виробництві свинцевих акумуляторів
8152,Апаратник бісульфатування ваніліну
8152,Апаратник вакуум-апаратів
8152,Апаратник варіння
8152,Апаратник випалювання
8152,Апаратник випаровування
8152,Апаратник випарювальних апаратів для одержання рідкого продукту
8152,Апаратник випарювальних апаратів для одержання твердого продукту
8152,Апаратник випарювання
8152,Апаратник виробництва корунду
8152,Апаратник виробництва цинкового пилу
8152,Апаратник витоплення
8152,Апаратник відпалу кристалів корунду
8152,Апаратник гранулювання
8152,Апаратник конденсації
8152,Апаратник контактного випарювання
8152,Апаратник нагрівання теплоносіїв
8152,Апаратник напилювання металом
8152,Апаратник оброблення
8152,Апаратник одержання лаків та емалей на полімеризаційних смолах
8152,Апаратник одержання оксидів металів
8152,Апаратник одержання сірчистої кислоти
8152,Апаратник одержання інертного газу
8152,Апаратник перегонки
8152,Апаратник плавлення
8152,Апаратник плавлення (спеціальні хімічні виробництва)
8152,Апаратник прожарювання
8152,Апаратник просочування личкувальних матеріалів
8152,Апаратник просочування та сушіння азбосталевих листів
8152,Апаратник піролізу
8152,Апаратник спалювання
8152,Апаратник сплавлення
8152,Апаратник сублімації
8152,Апаратник сушильної установки
8152,Апаратник сушіння
8152,Апаратник сушіння (спеціальні хімічні виробництва)
8152,Апаратник сушіння випарених кісток
8152,Апаратник сушіння клею та желатину
8152,Апаратник сушіння та карбонізації лігніну та целолігніну
8152,Апаратник термічної активації вугілля
8152,Апаратник-вальцевар
8152,Апаратник-лаковар
8152,Апаратник-оліфовар
8152,Апаратник-сикативовар
8152,Апаратник-сушильник
8152,Апаратник-фірнісовар
8152,Апаратник-індуліновар
8152,Асфальтобетонник-варильник
8152,Бітумувальник-парафінувальник (спеціальні хімічні виробництва)
8152,Варник
8152,"Варник електроізоляційних лаків, смол та мастик"
8152,Варник кабельної маси
8152,Варник смолки
8152,Варник суспензій
8152,Випалювач графітових стрижнів
8152,Випалювач електровугільних виробів
8152,Випалювач керамічних пігментів
8152,Випалювач металевої тари
8152,Випалювач слюди
8152,Випарювальник солі
8152,Виробник кісткового вугілля
8152,Вулканізаторник кабельних виробів
8152,Відпальник кабельних виробів
8152,Готувач технічних жирів
8152,Електродник (виробництво електродної продукції)
8152,Електросушильник кабелів
8152,Емульсовар
8152,Завантажувач сульфату
8152,Завантажувач-вивантажувач випалювальних та графітувальних печей
8152,Завантажувач-вивантажувач печей випалу та графітації
8152,Заварник пасти
8152,Заливальник смолкою
8152,Заправник-знімач гальмової стрічки
8152,"Клеєвар (виробництво целюлози, паперу, картону й виробів з них)"
8152,Клеєвар (загальні професії для всіх галузей)
8152,Контролер-приймальник
8152,Лакувальник електроізоляційних виробів та матеріалів
8152,Лакувальник проводів та кабелів
8152,Ливарник каталізатора
8152,Машиніст лакувальних машин (виробництво поліграфічних фарб)
8152,Машиніст мийних машин
8152,Машиніст термоустановки
8152,Машиніст-бронзувальник
8152,Налагоджувальник установок для синтезу алмазів та надтвердих матеріалів
8152,Намазувальник акумуляторних пластин
8152,Намазувальник електропровідного шару
8152,Намазувальник пасти
8152,Наповнювач контейнерів
8152,Нейтралізаторник ціанистих розчинів
8152,Оператор випарювальної установки
8152,Оператор одержання скловолокна каолінового складу
8152,Оператор пульта керування електропечами
8152,Оператор установок синтезу алмазів та надтвердих матеріалів
8152,Парафінувальник (електронна техніка)
8152,Пекоплавильник
8152,Перемотувальник-сортувальник
8152,Плавильник вибухових речовин (спеціальні хімічні виробництва)
8152,Плавильник емалі
8152,Плавильник нафталіну та фенолів
8152,Плавильник скловолокна
8152,"Плакувальник алмазних порошків, кристалів та надтвердих матеріалів"
8152,"Пресувальник секцій, котушок та ізоляційних деталей електричних машин і апаратів"
8152,Пресувальник інструментів з алмазних порошків та надтвердих матеріалів
8152,Прожарювач електровугільного виробництва
8152,Прожарювач на печах
8152,Пропарювач
8152,Просочувальник електротехнічних виробів
8152,Просочувальник кабелів та проводів
8152,Просочувальник паперу та тканини
8152,Регенераторник слюди
8152,Розварник силікатної брили
8152,Смолильник берд
8152,Содівник
8152,Сортувальник керамзиту
8152,Спікальник скловолокна
8152,Спікальник інструментів з алмазів та надтвердих матеріалів
8152,Сушильник (виробництво цитринової та виннокам'яної кислот)
8152,Сушильник деталей та приладів
8152,Сушильник деталей та іграшок
8152,Сушильник дріжджів
8152,Сушильник електродів
8152,Сушильник елементного виробництва
8152,Сушильник заготовок та художніх виробів
8152,Сушильник компонентів обмазки та флюсів
8152,Сушильник пакетів конденсаторів
8152,Сушильник стрижнів
8152,Термообробник деревноволокнистих плит
8152,Термообробник проводів та кабелів
8152,Термостатник (електротехнічне виробництво)
8152,Терміст купроксних та селенових випрямлячів
8152,Терміст нафталінових печей
8152,Установник фільєрних пластин
8152,Флюсувальник
8152,Формувальник пакетів
8152,Фритівник (емалювання)
8152,Хлораторник електродної продукції
8152,Чистильник випарних апаратів
8152,Шихтувальник в алмазному виробництві
8153,Апаратник віджимання
8153,Апаратник віджимання (спеціальні хімічні виробництва)
8153,Апаратник відстоювання
8153,Апаратник екстрагування танідів
8153,Апаратник знеповітрювання та фільтрації
8153,Апаратник мокрої класифікації
8153,Апаратник очищення рідини
8153,Апаратник очищення стічних вод (спеціальні хімічні виробництва)
8153,Апаратник промивання
8153,Апаратник промивання (спеціальні хімічні виробництва)
8153,Апаратник сепарування
8153,Апаратник фільтрації
8153,Апаратник центрифугування
8153,Дистиляторник ртуті
8153,Завантажувач (вивантажувач) дифузорів
8153,Машиніст фільтр-преса
8153,Оператор іонообміну
8153,Перезарядник фільтр-пресів та діалізаторів
8153,Регенераторник відпрацьованого масла
8153,Сепараторник біомаси
8153,Центрифугувальник (виробництво цитринової та виннокам'яної кислот)
8154,Інокуляторник
8154,Автоклавник (виробництво цитринової та виннокам'яної кислот)
8154,Апаратник абсорбції
8154,Апаратник адсорбції
8154,Апаратник активації
8154,Апаратник алкілування
8154,Апаратник амонолізу
8154,Апаратник амінування
8154,Апаратник ацетилування
8154,Апаратник ацилювання
8154,Апаратник блочної знесолюючої установки атомної електростанції
8154,Апаратник бромування
8154,Апаратник вакуумування
8154,Апаратник вилуговування
8154,"Апаратник виробництва ""аеросили"""
8154,Апаратник виробництва АГ-солі
8154,Апаратник виробництва адипонітрилу
8154,Апаратник виробництва адипінової кислоти
8154,Апаратник виробництва азобарвників
8154,Апаратник виробництва барвників для хутра
8154,Апаратник виробництва бертолетової солі
8154,Апаратник виробництва борної кислоти
8154,Апаратник виробництва гальмової рідини та антифризу
8154,Апаратник виробництва гідросульфіту натрію
8154,Апаратник виробництва диметилтерефталату
8154,Апаратник виробництва диціандіаміду
8154,Апаратник виробництва діоксиду хлору
8154,Апаратник виробництва жовтого фосфору
8154,Апаратник виробництва казеїнового клею
8154,Апаратник виробництва контактної маси
8154,Апаратник виробництва контактної сірчаної кислоти
8154,Апаратник виробництва кремнійорганічних лаків
8154,Апаратник виробництва кріоліту
8154,Апаратник виробництва кісткового клею
8154,Апаратник виробництва літопону
8154,Апаратник виробництва металевого натрію
8154,Апаратник виробництва миш'яковистих солей
8154,Апаратник виробництва міздрового клею
8154,Апаратник виробництва надперекису калію
8154,Апаратник виробництва нейтрального кремнегелю
8154,Апаратник виробництва світлосполук
8154,Апаратник виробництва силікагелів
8154,Апаратник виробництва силікатного клею
8154,Апаратник виробництва спектрально-чистих газів
8154,Апаратник виробництва сульфомасел та отрутохімікатів
8154,Апаратник виробництва сульфітних солей
8154,Апаратник виробництва термічної фосфорної кислоти
8154,Апаратник виробництва фенілметилуретилану
8154,Апаратник виробництва фоспору
8154,Апаратник виробництва фосфорних сполук
8154,Апаратник виробництва фталоціанінових барвників
8154,Апаратник виробництва фтористого натрію
8154,Апаратник виробництва хромових сполук
8154,Апаратник виробництва хімічних реактивів
8154,Апаратник виробництва цинкового купоросу
8154,Апаратник виробництва ціанистих металів
8154,Апаратник виробництва червоного фосфору
8154,Апаратник відновлення
8154,Апаратник газового консервування
8154,Апаратник гашення вапна
8154,Апаратник гідратації (хімічне виробництво)
8154,Апаратник гідролізу
8154,Апаратник гідрування
8154,Апаратник дегідратації
8154,Апаратник дегідрування
8154,Апаратник деполімеризації
8154,Апаратник десорбції
8154,Апаратник десублімації
8154,Апаратник дозрівання оболонки
8154,Апаратник діазотування
8154,Апаратник екстрагування
8154,Апаратник електролізу
8154,Апаратник етерифікації
8154,Апаратник з виробництва синтетичних клеїльних смол
8154,Апаратник з окислення кадмію
8154,Апаратник знесолювання води
8154,Апаратник карбоксилування
8154,Апаратник карбонізації
8154,Апаратник контактування
8154,Апаратник кристалізації
8154,Апаратник кристалізації (спеціальні хімічні виробництва)
8154,Апаратник мерсеризації (хімічне виробництво)
8154,Апаратник метоксилування
8154,Апаратник нейтралізації
8154,Апаратник нейтралізації продуктів ракетних рідинних двигунів
8154,Апаратник нітрозного процесу
8154,Апаратник нітрозування
8154,Апаратник нітрування
8154,Апаратник одержання вуглекислоти
8154,Апаратник одержання гексахлорбензолу
8154,Апаратник одержання зародків діоксиду титану
8154,Апаратник одержання метатитанової кислоти
8154,Апаратник одержання нітролігніну
8154,Апаратник одержання трихлорпропану та дихлоргідрину
8154,Апаратник одержання фотогіпосульфіту
8154,Апаратник одержання фуранових сполук
8154,Апаратник одержання хлорного заліза
8154,Апаратник окислення
8154,Апаратник омилення
8154,Апаратник осадження
8154,Апаратник осушування газу
8154,Апаратник очищення алмазного концентрату
8154,Апаратник очищення газу
8154,Апаратник перероблення відходів хімічного виробництва
8154,Апаратник поліконденсації
8154,Апаратник полімеризації
8154,Апаратник приготування амальгами натрію
8154,Апаратник приготування зв'язувальних (смол)
8154,Апаратник приготування каталізатора
8154,Апаратник рафінування лужних металів
8154,Апаратник регенерації
8154,Апаратник рекристалізації
8154,Апаратник рекуперації
8154,Апаратник розкладання
8154,Апаратник синтезу
8154,Апаратник синтезу вибухових речовин (спеціальні хімічні виробництва)
8154,Апаратник сульфування
8154,Апаратник талової установки
8154,Апаратник установки дослідного виробництва
8154,Апаратник фенілування
8154,Апаратник ферментації затору
8154,Апаратник фосгенування
8154,Апаратник хлорування
8154,Апаратник ціанування
8154,Апаратник із збирання та збагачення шламу
8154,Апаратник ізомеризації
8154,Апаратник імідування
8154,Апаратник іонообмінного очищення гліцерину
8154,Апаратник-заварювальник
8154,Апаратник-конденсаторник
8154,Апаратник-нейтралізаторник
8154,Апаратник-сульфувальник
8154,Апаратник-сульфітувальник
8154,Вапногасильник
8154,"Готувач апретур, емульсій та лаків"
8154,Дезактиваторник
8154,Дистилювальник ртуті
8154,Завантажувач хімічної сировини в апарати
8154,Заправник-випробувач виробів спеціальними продуктами
8154,Збирач ртуті
8154,Контролер технологічного процесу (дубильно-екстрактне виробництво)
8154,Налагоджувальник устаткування лакофарбових покриттів
8154,Нейтралізаторник
8154,Оператор вирощування дріжджів
8154,Оператор вирощування чистої культури дріжджів
8154,Оператор дистанційного пульта керування у хімічному виробництві
8154,Оператор потокових ліній нанесення світлоповертальних сполук
8154,Оператор потокової лінії поліетиленування
8154,Оператор приготування затору
8154,Оператор спеціальної самохідної транспортної машини
8154,Оператор установки вітамінізації дріжджів
8154,Реакторник
8154,Реакторник хімочищення розсолу
8154,Розважувач хімічної сировини
8154,Різальник металевого натрію
8154,Стерилізаторник живильних середовищ
8155,Авіаційний технік з паливно-мастильних матеріалів
8155,Апаратник випарювальної установки
8155,Контролер з якості нафти й нафтопродуктів
8155,Контролер пічного господарства
8155,Машиніст газороздавальної станції
8155,Машиніст з моторних випробувань палива
8155,Машиніст регенераційної установки
8155,Машиніст технологічних насосів
8155,Оператор газгольдерної станції
8155,Оператор заправних станцій
8155,Оператор технологічних установок
8159,Апаратник
8159,Апаратник азотування
8159,Апаратник балансових установок
8159,Апаратник вакуум-приймачів
8159,Апаратник виділення ацетофенону
8159,Апаратник виділення карбінолу
8159,Апаратник виділення псевдобутилену
8159,Апаратник виділення сірки
8159,Апаратник виділення фтористого бору
8159,Апаратник вилучення побічних продуктів
8159,Апаратник випарювання та гранулювання
8159,Апаратник виробництва аміачної селітри
8159,Апаратник виробництва дициклопентадієну
8159,Апаратник виробництва калієвої селітри
8159,Апаратник виробництва креоліну та лізолу
8159,Апаратник виробництва малотонажних продуктів
8159,Апаратник виробництва нітрату та нітриту натрію
8159,Апаратник виробництва нітрофоски
8159,Апаратник виробництва піридинових основ
8159,Апаратник виробництва регенеративних речовин
8159,Апаратник виробництва сечовини
8159,Апаратник виробництва сульфату амонію
8159,Апаратник виробництва формованого коксу
8159,Апаратник виробництва індолу
8159,Апаратник витягання
8159,Апаратник відновлення напівпровідникових матеріалів
8159,Апаратник газогенерації
8159,Апаратник газорозділення
8159,Апаратник гранулювання (спеціальні хімічні виробництва)
8159,Апаратник гідрохлорування
8159,Апаратник деаерації
8159,Апаратник димеризації
8159,Апаратник диспергування лужних металів
8159,Апаратник диспропорціонування
8159,Апаратник етиленгліколевої установки
8159,Апаратник з виробництва та хімічного очищення напівпровідникових матеріалів
8159,Апаратник з вирощування монокристалів та стрічок
8159,Апаратник з кристалізації
8159,Апаратник з насмоктування діафрагм
8159,Апаратник з одержання високочистих матеріалів для напівпровідникового виробництва
8159,Апаратник з регенерації селену
8159,Апаратник з регенерації сірки
8159,Апаратник з хімічного оброблення напівпровідникових матеріалів
8159,Апаратник зневоднення
8159,Апаратник знефенолування та знеспиридинування масел
8159,Апаратник комплексної установки (спеціальні хімічні виробництва)
8159,Апаратник конверсії
8159,Апаратник концентрування кислот
8159,Апаратник кристалізації та центрифугування
8159,Апаратник ксантогенування
8159,Апаратник лиття й рубання
8159,Апаратник лускування
8159,Апаратник лісохімічного устаткування
8159,Апаратник матування смоли
8159,Апаратник на установках деіонізації
8159,Апаратник оброблення та сушіння хімічної нитки
8159,Апаратник одержання високотемпературного пеку
8159,Апаратник одержання кумаронової смоли
8159,Апаратник одержання сирого бензолу
8159,Апаратник одержання сульфату амонію
8159,Апаратник одержання сірковуглецю-сирцю
8159,Апаратник одержання технічного вуглецю
8159,Апаратник одержання чистого антрацену
8159,Апаратник оксимування
8159,Апаратник охолодження
8159,Апаратник перегрівання
8159,Апаратник переетерифікації
8159,Апаратник повітроподілу
8159,Апаратник приготування кам'яновугільного лаку
8159,Апаратник приготування мильного клею
8159,Апаратник приготування препарованої смоли
8159,Апаратник підготовки сировини та відпускання напівфабрикатів і продукції
8159,Апаратник розсіву
8159,Апаратник спалювання сірководню
8159,Апаратник термооброблення коксованої шихти
8159,Апаратник уловлювання жирів
8159,Апаратник установки виробництва вибільної землі
8159,Апаратник установки нейтрального газу
8159,Апаратник установок для подавлення радіоактивності та дезактивації
8159,Апаратник ущільнення технічного вуглецю
8159,Апаратник фарбування галуну
8159,Апаратник формування синтетичного каучуку
8159,Апаратник формування хімічного волокна
8159,Апаратник формування целофанової плівки
8159,Апаратник фіксації
8159,Апаратник хемосорбції
8159,Апаратник із завантаження пеку
8159,Апаратник-сірнильник
8159,Барильєтник
8159,Брикетувальник
8159,Вальцювальник (хімічне виробництво)
8159,Вальцювальник ізоляційних покриттів
8159,Варник селену
8159,Вибірник металевого натрію
8159,Вивантажувач блоків полімеру
8159,Виготовлювач пристроїв для вирощування монокристалів
8159,Виготовлювач шнурових виробів
8159,Випалювач ламп
8159,Випалювач малювального вугілля
8159,Випалювач прядильних деталей
8159,"Випалювач радіокераміки, п'єзокераміки та феритів"
8159,Водневик
8159,Відкатник-вакуумник
8159,Відливальник натрієвих болванок
8159,Відпальник-вакуумник
8159,Газогенераторник
8159,Газівник коксових печей
8159,Гарнітурник хімічного прядіння
8159,Генераторник
8159,Генераторник ацетиленової установки
8159,Готувач шихти напівпровідникових матеріалів
8159,Графітувальник
8159,Дверевий
8159,Дублювальник листового матеріалу
8159,Електроверетенник
8159,Завантажувач-вивантажувач
8159,Завантажувач-вивантажувач печей
8159,Завантажувач-вивантажувач термоантрацитових печей
8159,Завантажувач-розвантажувач (спеціальні хімічні виробництва)
8159,Заливальник коксу
8159,Заливальник магнітних сплавів на печах-кристалізаторах
8159,Заливальник цоколів
8159,Зарядник автоклавів
8159,Збагачувач мікропорошку
8159,Кабінник-кантівник
8159,Карбонізатор
8159,Карбідувальник
8159,Каталізаторник (виробництво олії та жирів)
8159,Каталізаторник (електронна техніка)
8159,Коксоочисник
8159,Коксорозвантажувач
8159,Контролер якості продукції та технологічного процесу (хімічне виробництво)
8159,Лаборант спеціальних хімічних покриттів
8159,"Лаборант фізико-хімічного аналізу вибухонебезпечної сировини, напівфабрикатів та продукції (спеціальні хімічні виробництва)"
8159,Лаборант хімічного аналізу
8159,Лаборант із спеціального палива
8159,Лаборант-рахівник на спеціальних пневматичних гідростендах
8159,Люковий (коксохімічне виробництво)
8159,Люмінофорник-екранувальник
8159,Магнезувальник-вакуумник
8159,Матувальник-вакуумник
8159,Машиніст барабанного охолоджувача
8159,Машиніст віджимального устаткування (дубильно-екстрактове виробництво)
8159,Машиніст газогенераторної станції
8159,Машиніст електровоза гасильного вагона
8159,Машиніст коксових машин
8159,Машиніст коксонавантажувальної машини
8159,Машиніст крана складу сульфату
8159,Машиніст мостового перевантажувача
8159,Машиніст прес-гранулятора
8159,Машиніст установки сухого гасіння коксу
8159,Машиніст устаткування розподільних нафтобаз
8159,Мийник колб із застосуванням кислотних розчинів
8159,Намотувальник матеріалів і напівфабрикатів
8159,Настелювач фільтр-полотен
8159,Оброблювач натрієвих болванок
8159,Оброблювач синтетичного каучуку
8159,Оброблювач харчових продуктів і тари
8159,Обробник хімічних волокон
8159,Обтискувач електроз'єднувачів
8159,Обхідник лінійний
8159,Оглядач нафтоналивних ємностей
8159,Оксидувальник-вакуумник
8159,Оператор біоенергетичних установок
8159,Оператор вакуумних установок для нанесення покриттів на оптичні деталі
8159,Оператор відстоювання та теплообміну
8159,Оператор газорозподільної станції
8159,Оператор дистанційного керування технологічним процесом (спеціальні хімічні виробництва)
8159,Оператор дифузійних процесів
8159,Оператор з вирощування кристалів
8159,Оператор з вирощування кристалів п'єзокварцу
8159,Оператор з витягання світловодів
8159,Оператор з нанесення газопоглинача
8159,Оператор з нарощування епітаксіальних шарів
8159,Оператор коксосортувалки
8159,Оператор крутіння та витягання
8159,Оператор крутіння та намотування хімічних волокон
8159,Оператор магістральних газопроводів
8159,Оператор нафтоперекачувальної станції
8159,Оператор плазмохімічних процесів
8159,Оператор підземних газогенераторів
8159,Оператор сушіння синтетичного каучуку
8159,Оператор товарний
8159,Оператор устаткування для подавлення радіоактивності та дезактивації
8159,Оператор хімічного цеху електростанції
8159,Оператор із захисних покриттів у виробництві масок кольорових кінескопів
8159,Оператор із збирання та очищення конденсату
8159,Патронувальник
8159,Перезарядник контактних апаратів
8159,Перемотувальник нитки
8159,Переробник радіоактивних відходів
8159,Поляризатор
8159,Полімеризаторник
8159,Полімеризаторник металевих форм та листів
8159,Полірувальник шроту
8159,Помічник майстра (хімічне виробництво)
8159,Пресувальник агломератів
8159,Пресувальник електродної продукції
8159,Пресувальник електродів та елементів
8159,Пресувальник колагенового джгута
8159,Пресувальник нафталіну
8159,Пресувальник обмазувального преса
8159,Пресувальник стрижнів
8159,Пресувальник хімічного волокна
8159,Промивальник деталей та вузлів
8159,Просочувальник (електронна техніка)
8159,Просочувальник стрижнів
8159,Просівальник
8159,Просівальник (спеціальні хімічні виробництва)
8159,Рампівник
8159,Регенераторник дорогоцінних металів
8159,Рекуператорник алмазів
8159,Ремонтувальник полімеризаційного інвентарю
8159,Розварник саломасу
8159,Розливальник хімічної продукції
8159,Різальник хімічного волокна
8159,Складальник полімеризаційного інвентарю
8159,Складальник прядильних блоків та насосів
8159,Скруберник-насосник
8159,Снувальник (хімічне виробництво)
8159,Сортувальник коксу
8159,Ставильник (виробництво хімічних волокон)
8159,Сушильник ваніліну
8159,Сушильник виробів (ремізо-бердне виробництво)
8159,Травильник купроксних випрямних елементів
8159,Травильник прецизійного травлення
8159,Травильник радіокераміки
8159,Травильник фольги (електронна техніка)
8159,Тунельник (чорна металургія)
8159,Установник каталізаторних сіток
8159,Установник прядильних блоків та гарнітури
8159,Формувальник анодів
8159,Формувальник електродної маси
8159,Формувальник селенових елементів
8159,Формувальник фольги
8159,Фільтр-пресувальник (електротехнічне виробництво)
8159,Фільєрник
8159,Чистильник каналізаційних тунелів та каналів
8159,Чистильник полімеризаційних стаканів
8161,Машиніст блочного щита керування агрегатами (парогенератор-турбіна)
8161,Машиніст блочної системи керування агрегатами (котел-турбіна)
8161,Машиніст газотурбінних установок
8161,Машиніст гідроагрегатів
8161,Машиніст двигунів внутрішнього згоряння
8161,Машиніст електрозварювального пересувного агрегата з двигуном внутрішнього згоряння
8161,Машиніст електростанції пересувної
8161,Машиніст енергоблока
8161,Машиніст контактно-зварювальної установки пересувної для зварювання магістральних газонафтопродуктопроводів
8161,Моторист електророзвідувальної станції
8161,Моторист з прибирання устаткування електростанцій
8161,"Оператор ""гарячої"" камери"
8161,Оператор головного щита управління вітроенергетичної станції
8161,Оператор реакторного відділення
8161,Оператор спецводоочищення
8161,Оператор теплових мереж
8161,Оператор транспортно-технологічного устаткування реакторного відділення
8161,Оператор щита (пульта) керування перетворювальної підстанції
8162,Апаратник теплоутилізації
8162,Котлочистильник
8162,Кочегар технологічних печей
8162,Машиніст (кочегар) котельні
8162,Машиніст котлів
8162,Машиніст парових турбін
8162,Машиніст парової машини та локомобіля
8162,Машиніст пилових насосів
8162,Машиніст подавання палива
8162,Машиніст центрального теплового щита керування котлами
8162,Машиніст центрального теплового щита керування паровими турбінами
8162,Машиніст-обхідник з котельного устаткування
8162,Машиніст-обхідник з турбінного устаткування
8162,Моторист автоматизованого подавання палива
8162,Моторист багерної (шламової) насосної
8162,Оператор котельні
8162,Оператор теплового пункту
8162,Старший машиніст енергоблоків
8162,Старший машиніст котельного устаткування
8162,Старший машиніст котлотурбінного цеху
8162,Старший машиніст турбінного відділення
8162,Форсунник
8162,Чистильник
8162,Шурувальник палива
8163,Апаратник з обслуговування рекуператорів та системи охолодження
8163,Апаратник очищення стічних вод
8163,Апаратник хімводоочищення
8163,Випробувач балонів
8163,Водороздавальник
8163,Водороздавальник порту
8163,Газівник
8163,Заготівник льоду
8163,Зарядник вогнегасників
8163,Зарядник протигазових коробок
8163,Зарядник холодильних апаратів
8163,Коагулянник
8163,Кочегар сушильних печей та барабанів
8163,Машиніст берегових насосних станцій
8163,Машиніст вакуумної установки
8163,Машиніст вентиляційної та аспіраційної установок
8163,Машиніст висотно-компресорної установки
8163,Машиніст газодувних машин
8163,Машиніст ексгаустера
8163,Машиніст залізничного водопостачання
8163,Машиніст компресора для подавання повітря водолазам
8163,Машиніст компресора пересувного з двигуном внутрішнього згоряння
8163,Машиніст компресора пересувного з електродвигуном
8163,Машиніст компресорних установок
8163,Машиніст малярної станції пересувної
8163,Машиніст насосних установок
8163,Машиніст насосної станції пожежної пересувної
8163,Машиніст повітророзділювальних установок
8163,Машиніст рибопідіймача
8163,Машиніст технологічних компресорів
8163,Машиніст установки сміттєспалювальної пересувної
8163,Машиніст холодильних установок
8163,Машиніст холодильної установки для заморожування ґрунтів
8163,Машиніст шахтових холодильних установок
8163,Моторист (машиніст) рефрижераторних установок
8163,Моторист вентиляційної установки
8163,Моторист водоскиду
8163,Моторист електродвигунів
8163,Наглядач гідротехнічних споруд
8163,Наповнювач балонів
8163,Обхідник гідроспоруд
8163,Оглядач гідротехнічних об'єктів
8163,Озонаторник
8163,Оператор вакуумної машини
8163,Оператор водозапірних споруд
8163,Оператор дезінсекційних установок
8163,Оператор дистанційного пульта керування у водопровідно-каналізаційному господарстві
8163,Оператор з обслуговування установок для пилогазоуловлювання
8163,Оператор на аеротенках
8163,Оператор на біофільтрах
8163,Оператор на відстійниках
8163,Оператор на емшерах
8163,Оператор на метантенках
8163,Оператор на мулових майданчиках
8163,Оператор на пісколовках та жироловках
8163,Оператор на решітці
8163,Оператор на фільтрах
8163,Оператор очисних споруд
8163,Оператор полів зрошування та фільтрації
8163,Оператор споруд для видалення осаду
8163,Оператор стерилізаторів води в ультрафіолетових променях
8163,Оператор установки для сушіння осаду
8163,Оператор установок для зневоднення осаду
8163,Оператор хлораторної установки
8163,Приймальник балонів
8163,Регулювальник подавання води
8163,Ремонтувальник русловий
8163,Роздавальник нафтопродуктів
8163,Суднопропускник
8163,Фумігаторник
8163,Чистильник вентиляційних установок
8169,Майстер з монтажу та обслуговування систем відновлювальної енергетики
8169,Машиніст компресорних та холодильних систем
8169,Оператор енергозберігаючого устаткування будівель
8171,Оператор автоматичної лінії підготовки та паяння електрорадіоелементів на друкарських платах
8171,Оператор з обслуговування та ремонту вагонів
8171,Оператор складально-пакувальних машин
8172,Оператор промислових роботів
8211,Ізолювальник жил кабелю
8211,Ізолювальник проводів
8211,Автоматник
8211,Автоматник елементного виробництва
8211,Автоматник ремізних автоматів
8211,Апаратник абсолютування
8211,Бригадир обдирно-зачисного відділення
8211,Бригадир огляду й механічного оброблення коліс
8211,Бригадир підготовчого відділення
8211,Бронеобмотувальник проводів
8211,Бронювальник кабелів
8211,Верстатник бляшано-банкового устаткування
8211,Верстатник з механічного оброблення електродної продукції
8211,Верстатник з оброблення твердосплавної продукції
8211,Верстатник спеціальних металообробних верстатів
8211,Верстатник широкого профілю
8211,Верстатник-ізолювальник
8211,Виробник мішурної нитки
8211,Галтувальник радіодеталей
8211,Довбальник
8211,Дозувальник медичних препаратів
8211,"Екранувальник жил, проводів та кабелів"
8211,Електроерозіоніст
8211,Електрозаточувальник
8211,Електрохімоброблювач
8211,Завальцювальник радіодеталей
8211,Знімач оболонки з кабельних виробів
8211,Зуборізальник
8211,Зубошліфувальник
8211,Контролер верстатних та слюсарних робіт (верстатні роботи)
8211,Контролер спеціальних виробів
8211,Машиніст навивальних і намотувальних машин
8211,Машиніст трубовигинальної установки пересувної
8211,Наждачник
8211,Накатник різьби цоколів
8211,"Насікальник терпугів, рашпілів та пилок"
8211,Обкатник підшипників
8211,Обплітальник (спеціальні хімічні виробництва)
8211,Обплітальник проводів та кабелів
8211,Оператор автоматичних та напівавтоматичних ліній верстатів та установок
8211,Оператор автоматичної лінії для виготовлення ізольованих жил
8211,Оператор верстатів з програмним керуванням
8211,Оператор еліонних процесів
8211,Оператор клепальних автоматів
8211,Оператор лазерної голографічної установки
8211,Оператор лазерної установки з програмним керуванням
8211,Оператор мікрозварювання
8211,Оператор на бормашині для попереднього оброблення литих магнітів
8211,Оператор термоз'єднань
8211,Оператор трубообтискних верстатів
8211,Оператор ультразвукових установок
8211,Оператор установок виготовлення стільникових пакетів
8211,Оператор установок піскоструминного очищення
8211,Полірувальник лопаток
8211,Протягувальник
8211,Розрубник акумуляторних пластин
8211,Рубач дроту
8211,"Різальник на пилах, ножівках та верстатах"
8211,Різальник спеціальних виробів (спеціальні хімічні виробництва)
8211,Різьбонарізувач на спеціальних верстатах
8211,Різьбофрезерувальник
8211,Різьбошліфувальник
8211,Свердлувальник
8211,Свердлувальник спеціальних виробів (спеціальні хімічні виробництва)
8211,Сортувальник деталей підшипників
8211,Стабілізувальник кабелів
8211,Стругальник
8211,Токар
8211,Токар-затилувальник
8211,Токар-карусельник
8211,Токар-напівавтоматник
8211,Токар-револьверник
8211,Токар-розточувальник
8211,Трамбувальник ізоляційного матеріалу
8211,Фрезерувальник
8211,Фрезерувальник зливків
8211,Шевінгувальник
8211,Шліфувальник
8211,Шліфувальник виробів з твердих сплавів та тугоплавких металів
8212,Автоклавник (виробництво теплоізоляційних матеріалів)
8212,Апаратник зневоднення бітуму
8212,Апаратник окислення бітуму
8212,Аспіраторник
8212,Брикетувальник формувальної маси
8212,Вагранник (виробництво теплоізоляційних матеріалів)
8212,Варник асфальтової маси
8212,Варник бітуму
8212,Варник гіпсу
8212,Вивантажувач вапна з печей
8212,Вивантажувач шахтових печей
8212,Виготовлювач азбометалевих виробів
8212,Виготовлювач набивок
8212,Випалювач вапна
8212,Випалювач у виробництві теплоізоляційних матеріалів
8212,Гасильник вапна
8212,Графітувальник азбестових технічних виробів
8212,Дозувальник компонентів бетонних сумішей
8212,Емалювальник резисторів
8212,Завантажувач варильних котлів
8212,Завантажувач сушильних барабанів
8212,Завантажувач тунельних печей
8212,"Завантажувач-вивантажувач сировини, палива та стінових виробів"
8212,Заготівник азбестових технічних виробів
8212,Заготівник мікалексової маси
8212,Заливальник каменеливарних виробів
8212,Зачищувач електроізоляційних матеріалів
8212,Знімач теплоізоляційних виробів
8212,Знімач-укладальник асфальтових плиток
8212,Знімач-укладальник волокнистоцементних виробів
8212,Калібрувальник набивок
8212,Каменевар
8212,Карбонізаторник (виробництво теплоізоляційних матеріалів)
8212,Контролер бетонних та залізобетонних виробів і конструкцій
8212,Контролер виробів з каменю
8212,Контролер волокнистоцементних виробів
8212,Контролер теплоізоляційних виробів
8212,Кочегар сушильних барабанів
8212,Лаковар
8212,Машиніст (випалювач) обертових печей
8212,Машиніст (випалювач) шахтових печей
8212,Машиніст гвинтових насосів (фулерувальник)
8212,Машиніст гранулятора
8212,Машиніст кальцинаторів
8212,Машиніст лаконаносної машини
8212,Машиніст листоформувальної машини
8212,Машиніст пневматичних насосів
8212,Машиніст самохідної газорозчиномішалки
8212,Машиніст слюдопласторобної машини
8212,Машиніст сушильних агрегатів
8212,Машиніст установки для випробування залізобетонних виробів і конструкцій
8212,Машиніст устаткування конвеєрних та потокових ліній
8212,Машиніст формувального агрегата
8212,Машиніст шламових насосів
8212,Мозаїст
8212,Моторист бетонозмішувальних установок
8212,Моторист змішувача та мішалки
8212,Моторист передавального візка
8212,Моторист установки для перекачування бітуму
8212,Моторист холодильного барабана
8212,Насипальник цементу
8212,Обробник залізобетонних виробів
8212,Обшивальник циліндрів
8212,Оператор автоматизованої лінії теплоізоляції труб
8212,Оператор виготовлення азбосталевого полотна
8212,Оператор гофрувально-стосувального агрегата
8212,Оператор гранулювання мінеральної вати
8212,Оператор завантажувальної та розвантажувальної установки
8212,Оператор заготівельного відділення
8212,Оператор конвеєрної лінії устаткування
8212,Оператор мобільної установки холодного ресайклінгу
8212,Оператор приготування соляного розчину (дорожньо-будівельні роботи)
8212,Оператор пульта керування у виробництві стінових виробів
8212,Оператор пульта керування устаткуванням дробильно-сортувальної лінії
8212,Оператор пульта керування устаткуванням залізобетонного виробництва
8212,Оператор стана з прокатки гіпсобетонних панелей
8212,Оператор трубчастої печі
8212,Оператор укладальника-розбирача волокнистоцементних виробів
8212,Оператор установки волокноутворення
8212,Оператор установки для приготування бітумної емульсії
8212,Оператор установки мінераловатних циліндрів
8212,Оператор установки теплоізоляційного шнура
8212,Оператор установок для теплового оброблення бетону
8212,Оператор центрального пульта керування (виробництво цементу)
8212,Перекристалізаторник
8212,Перфораторник (виробництво азбестових технічних виробів)
8212,Пресувальник асфальтових плиток
8212,Пресувальник виробів електронної техніки
8212,Пресувальник волокнистоцементних виробів
8212,Пресувальник гарячого формування
8212,Пресувальник міканіту та мікалексу
8212,Пресувальник слюдопластів
8212,Пресувальник стінових виробів
8212,Пресувальник теплоізоляційних виробів
8212,Прокатник слюди
8212,Пропарювач азбестоцементних та азбестосилітових виробів
8212,Просочувальник слюдопластових матеріалів
8212,Розпалубщик теплоізоляційних та акустичних виробів
8212,Різальник бетонних та залізобетонних виробів
8212,Різальник волокнистоцементних виробів
8212,Різальник теплоізоляційних та акустичних виробів
8212,Складальник залізобетонних конструкцій
8212,Скляр резисторів
8212,Сортувальник вапна
8212,Сушильник азбестоцементних виробів
8212,Сушильник заповнювачів
8212,Сушильник посилальних матеріалів
8212,Сушильник теплоізоляційних виробів
8212,Терміст з оброблення слюди
8212,Транспортувальник гарячого клінкеру
8212,Тунельник (обробка каменю та виробництво каменеливарних виробів)
8212,Формувальник асфальтових плиток
8212,Формувальник волокнистоцементних виробів
8212,Формувальник залізобетонних виробів та конструкцій
8212,Формувальник каменеливарного виробництва
8212,Формувальник радіокераміки
8212,Формувальник теплоізоляційних виробів
8212,Формувальник теплоізоляційних та герметизуючих покриттів спеціальних виробів
8212,Формувальник у виробництві стінових та в'яжучих матеріалів
8212,Формувальник фільтр-пластин
8212,Чистильник з очищення пилових камер
8212,Шихтовар
8212,Шліфувальник виробів електронної техніки
8212,Шліфувальник водорозчинних кристалів
8212,Шліфувальник волокнистоцементних виробів
8212,Шліфувальник п'єзокварцових пластин і кристалів
8212,Штампувальник виробів із слюди
8212,Ґрунтувальник волокнистоцементних виробів
8220,Лаборант (оптичні методи)
8220,Оператор устаткування з виробництва сірників
8221,Автоматник холодновисаджувальних автоматів
8221,Апаратник вакуум-сушильної установки
8221,Апаратник варіння живильного середовища
8221,Апаратник виробництва бактерійних препаратів
8221,Апаратник виробництва гематогену та медичної жовчі
8221,Апаратник виробництва рентгенівських екранів
8221,Апаратник виробництва ферментів та плазмозамінних препаратів
8221,Апаратник декарбоксилування
8221,Апаратник енолізації
8221,Апаратник йодування
8221,Апаратник миловаріння
8221,Апаратник насичення
8221,Апаратник одержання закису азоту
8221,Апаратник одержання комплексних сполук
8221,Апаратник одержання сильнодіючих алкалоїдів та кристалічних глікозидів
8221,Апаратник одержання синтетичних гормонів
8221,Апаратник одержання сполук для рентгенівських екранів
8221,Апаратник оксихлорування
8221,Апаратник перколяції
8221,Апаратник приготування зуболікарських матеріалів
8221,Апаратник приготування косметичних засобів
8221,Апаратник приготування медичних мас та мазей
8221,Апаратник приготування парфумерних композицій та рідин
8221,Апаратник приготування стерильних розчинів
8221,Апаратник солеутворення
8221,Апаратник стерилізації
8221,Апаратник ферментації препаратів біосинтезу
8221,Апаратник фотохімічного синтезу
8221,Апаратник хімічного очищення препаратів біосинтезу
8221,Апаратник циклізації
8221,Апаратник іонного обміну
8221,Апаратник іонообмінного очищення хіміко-фармацевтичних препаратів
8221,Вальцювальник косметичної маси
8221,Варильник живильного середовища
8221,Варник екстракту солодкового кореня
8221,Варник косметичної маси
8221,Верстатник з оброблення кераміки
8221,Виробник вітамінних соків
8221,Виробник гіпсових бинтів
8221,Виробник кетгуту
8221,Виробник пробок
8221,Готувач розчинів барвників
8221,Готувач суміші мийних засобів
8221,Гранулювальник (виробництво медикаментів)
8221,Заготівник напівфабрикатів перев'язувальних матеріалів
8221,Заготівник основи для мийних засобів
8221,Закладач хірургічного шовного матеріалу
8221,Закупорювач медичної продукції
8221,Запаювальник ампул
8221,Зарядник інгаляторів
8221,Калібрувальник виробів лікувального призначення
8221,Капілярник
8221,Комплектувальник напівфабрикатів медичних виробів
8221,Контролер продукції медичного призначення
8221,Кріпильник мандрен
8221,Лаборант виробництва бактерійних препаратів
8221,Лаборант з вирощування медичних п'явок
8221,Ланолінник
8221,Машиніст сублімаційних установок
8221,Машиніст трамбовки
8221,Машиніст-таблетувальник
8221,Мийник посуду й ампул
8221,Наповнювач ампул
8221,Оброблювач дротів
8221,Оператор лінії виробництва мила
8221,Оператор мийної установки
8221,Оператор наповнення шприц-тюбиків
8221,Переглядач ампул з ін'єкційними розчинами
8221,Переглядач продукції медичного призначення
8221,Плавильник (виробництво медикаментів)
8221,Препаратор виробництва біосинтетичних лікувальних засобів
8221,Препаратор виробництва склоподібного тіла
8221,Пресувальник перев'язувальних матеріалів
8221,Пресувальник-формувальник харчової продукції (виробництво мила та косметики)
8221,Промивальник гідроксалу
8221,Розливальник стерильних розчинів
8221,Розмелювач вірусної тканини та бактеріальної маси
8221,Ростильник грибниці
8221,Різальник ампул і трубок
8221,Різальник напівфабрикатів виробів медичного призначення
8221,Різальник сировини
8221,Складальник перев'язувальних матеріалів
8221,Складальник продукції в аерозольному пакуванні (виробництво фармацевтичних продуктів та косметичних засобів)
8221,Стабілізаторник-дефібринувальник крові
8221,Стерилізаторник матеріалів та препаратів
8221,"Термостатник (виробництво медикаментів, вітамінів, медичних препаратів і матеріалів)"
8221,Укладальник продукції медичного призначення
8221,"Формувальник медичних препаратів, напівфабрикатів і виробів"
8221,Формувальник пенальної косметики
8221,Фіксаторник
8221,Центрифугувальник (виробництво медикаментів)
8221,Шліфувальник медичних виробів
8221,Шпредингіст
8222,Апаратник з вироблення сухої сірникової соломки
8222,Виготовлювач спеціальних сірників
8222,Оператор автоматичної лінії вироблення сірників
8222,Оператор верстата для укладання розсипних сірників
8222,Оператор коробконабивального верстата
8222,Оператор сірникових автоматів
8223,Алюмініювальник
8223,Алюмініювальник електротехнічних виробів
8223,Антикорозійних
8223,Апаратник електролітичного знежирення
8223,Апаратник на виготовленні мікропроводів у скляній ізоляції
8223,Апаратник нікелювання склотканини
8223,Асфальтувальник труб
8223,Бакелітник (просочувальник)
8223,Випалювач емалі
8223,Воронувальник
8223,Відпальник виробів
8223,Гальванік
8223,Готувач електроліту та флюсу
8223,Готувач розподілювальної пасти
8223,Електролізник із знімання олова з жерсті
8223,Електрополірувальник
8223,Емалювальник (емалювання)
8223,Емалювальник дроту
8223,Заправник емалевих шлікерів
8223,Знімач-змивальник фарб і лаків
8223,Контролер емалевого покриття
8223,Контролер робіт на металопокриттях
8223,Контролер спеціальних теплозахисних покриттів
8223,Коректувальник ванн
8223,Лакувальник жерсті й труб
8223,Лакувальник туб
8223,Лудильник (оцинковувач) електролітичним методом
8223,Лудильник гарячим способом
8223,Лудильник дроту
8223,Машиніст лакувальних машин (бляшано-банкове та тубне виробництва)
8223,Металізатор
8223,Мийник-сушильник металу
8223,Наплавник пластмаси
8223,Обпресувальник кабелів свинцем чи алюмінієм
8223,Обпресувальник кабелів та проводів пластиками та гумою
8223,Оброблювач емальованих виробів
8223,Оброблювач заготовок для туб
8223,Оператор конвеєрних печей
8223,"Оператор поста керування агрегатами безперервного травлення, знежирення, лудіння, оцинкування, лакування та відпалювання"
8223,Оператор установок для нанесення покриттів у вакуумі
8223,Оператор фарбувально-сушильної лінії та агрегата
8223,Оператор-гальванік на автоматичних та напівавтоматичних лініях
8223,Освинцювальник
8223,Оцинковувач гарячим способом
8223,Оцинковувач-хромувальник дифузійним способом
8223,Плакувальник виробів
8223,Плакувальник полімерних матеріалів на метал
8223,Травильник
8223,Травильник розмірного травлення
8223,Установник виробів в емалюванні
8223,Фосфатувальник
8223,Чорнильник
8223,Шоопувальник елементів
8224,Автоматник в'язальних автоматів
8224,Апаратник виготовлення баритмаси
8224,Апаратник виробництва синтетичних барвників
8224,Апаратник дублення та сушіння білкової оболонки
8224,Апаратник желатинування
8224,Апаратник жироочищення
8224,Апаратник зоління
8224,Апаратник калібрування
8224,Апаратник кислотного оброблення спилка
8224,Апаратник приготування проявної пасти
8224,Апаратник приготування ферментного препарату
8224,Апаратник сушіння та окислення магнетиту
8224,Апаратник-відливальник кінофотооснови і техплівок
8224,Апаратник-відливальник магнітних стрічок
8224,Апаратник-відливальник плівки бутафоль
8224,Апаратник-дозувальник на виготовленні й поливанні фотоемульсії
8224,Апаратник-поливальник магнітних стрічок
8224,Апаратник-поливальник фотоемульсії
8224,Апаратник-підшарувальник фотоскла
8224,Вагонетник
8224,Вимірювач білкової оболонки
8224,Готувач початкового матеріалу
8224,Електрокопіювальник
8224,Електролізерник
8224,Знімач политого скла та фотопластинок
8224,Кладильник скла на поливну машину
8224,Комплектувальник фільмокопій
8224,"Контролер плівки, розчинів і фільмових матеріалів"
8224,Контролер світлочутливих виробів
8224,Контролер-візитажник
8224,Копіювальник фільмових матеріалів
8224,Машиніст гідротипного виробництва
8224,Машиніст формувальних машин
8224,"Монтажник фотокомплекту ""Момент"""
8224,Обробник кінофотоматеріалів
8224,Оператор магнітного запису
8224,Оператор проекційного та звукового устаткування
8224,Оператор пульта керування кіноустановкою
8224,Оператор фотоавтоматів
8224,Перфораторник магнітних стрічок
8224,Поливальник магнітних доріжок
8224,Поливальник світлофільтрів
8224,Поливальник-лакувальник фотоматеріалів
8224,Проявляч кіноплівки
8224,Реставратор фільмових матеріалів
8224,Різальник магнітних стрічок
8224,Різальник неемульсованих плівок
8224,Світлокопіювальник
8224,Складальник аудіо- та відеокасет
8224,Сушильник плівки бутафоль
8224,Укладач колагенової маси
8224,Установник кольору та світла
8224,Фотограф (поліграфічне виробництво)
8224,Фотограф прецизійної фотолітографії
8224,Фотограф фотомеханічного гравірування
8224,Фотолаборант
8224,Штампувальник коректувальних світлофільтрів
8229,Автоматник клеїльних напівавтоматів
8229,Апаратник на просочувальних агрегатах
8229,Вальцювальник гідроізоляційних матеріалів
8229,Виготовлювач корпусів і обтікачів (спеціальні хімічні виробництва)
8229,Виготовлювач оправ спеціальних виробів
8229,Виготовлювач паперових гільз (спеціальні хімічні виробництва)
8229,Виготовлювач спеціальних виробів (спеціальні хімічні виробництва)
8229,Виготовлювач чохлів
8229,Випробувач боєприпасів
8229,"Випробувач елементів боєприпасів, вибухових речовин та піротехнічних виробів (спеціальні хімічні виробництва)"
8229,Виробник ранту
8229,Виробник свічок
8229,Виробник сінелі
8229,Витискувач малюнка
8229,Відбірник проб (спеціальні хімічні виробництва)
8229,Віджимач маси
8229,Дозувальник волокна та плівки
8229,Друкар на лінолеумі
8229,"Заточувальник олівців, стрижнів та паличок"
8229,Зволожувальник шкіряних картонів
8229,Згущувач шкіроволокнистої маси
8229,Каландрувальник (хімічне виробництво)
8229,Калібрувальник олівцевих дощечок
8229,Комплектувальник олівців та стрижнів
8229,Комплектувальник спеціальних виробів (спеціальні хімічні виробництва)
8229,Комірник спеціальних виробів (спеціальні хімічні виробництва)
8229,Контролер (хімічне виробництво)
8229,Контролер виробництва пороху та вибухових речовин (спеціальні хімічні виробництва)
8229,Контролер виробів капсульного виробництва (спеціальні хімічні виробництва)
8229,Контролер покрівельних та гідроізоляційних матеріалів
8229,Лаборант з аналізу газів та пилу
8229,Лаборант з аналізу люмінофорів
8229,Лаборант мінералогічного аналізу
8229,Лаборант хіміко-бактеріологічного аналізу
8229,Лаборант-кристалооптик
8229,Лаборант-мікробіолог
8229,Лаборант-полярографіст
8229,Лакувальник
8229,Лакувальник-фарбувальник (спеціальні хімічні виробництва)
8229,Машиніст агрегата вироблення штучної шкіри
8229,Машиніст валькознімальної машини
8229,Машиніст двоїльної машини (виробництво штучної шкіри)
8229,Машиніст лінії нанесення точкового полімерного покриття
8229,Машиніст м'якшильної машини
8229,Машиніст термостабілізаційної машини
8229,Машиніст фарбувального та вулканізаційного устаткування
8229,Машиніст шпрединг-машини
8229,Машиніст шприц-машини
8229,Намотувальник рулонів
8229,Насипальник-вагар (спеціальні хімічні виробництва)
8229,Нейтралізаторник хромової стружки
8229,Обривальник волокна
8229,Обробник олівців на автоматі
8229,Обробник штучного каракулю
8229,Окантувальник кіноекранів
8229,Оператор автоматичної лінії вироблення білого олівця
8229,Оператор автоматів складання олівців
8229,Оператор вальцювальної лінії
8229,Оператор вузла посипання та охолодження
8229,Оператор з виробництва лінолеуму
8229,Оператор потокової лінії підготовки основи штучної шкіри
8229,Оператор розмотувально-склеювального верстата
8229,Пакувальник спеціальних виробів (спеціальні хімічні виробництва)
8229,Пресувальник (спеціальні хімічні виробництва)
8229,Пресувальник (хімічне виробництво)
8229,Пресувальник олівцевих блоків
8229,"Приймальник сировини, напівфабрикатів та готової продукції"
8229,Проклеювач маси
8229,Протиральник-промивальник (спеціальні хімічні виробництва)
8229,Розкатник стрижнів
8229,Різальник матеріалів
8229,Різальник ниток стрижнів
8229,Складальник боєприпасів (спеціальні хімічні виробництва)
8229,Складальник виробів капсульного виробництва (спеціальні хімічні виробництва)
8229,Складальник зарядів (спеціальні хімічні виробництва)
8229,Складальник продукції в аерозольному пакуванні (хімічне виробництво)
8229,Склеювач
8229,Сортувальник (хімічне виробництво)
8229,Сортувальник у виробництві олівців
8229,Сушильник лінолеуму
8229,Таблетувальник
8229,Укладальник синелі
8229,Фарбувальник (хімічне виробництво)
8229,Фарбувальник олівців
8229,Формувальник брикетів
8229,Хлоропровідник
8229,Чистильник спеціальних виробів (спеціальні хімічні виробництва)
8229,Чистильник-мийник (спеціальні хімічні виробництва)
8229,Шліфувальник стрижнів
8229,Шліфувальник штучної шкіри
8229,Штемпелювальник олівців
8229,Ґрунтувальник
8231,Ізолювальник крайок обгумованого корду
8231,Ізолювальник кілець
8231,Апаратник виготовлення гумових ниток
8231,Апаратник вулканізації
8231,Апаратник приготування гумових клеїв та покриттів
8231,Апаратник приготування латексної суміші
8231,Балансувальник шин
8231,Вальцювальник гумових сумішей
8231,Виготовлювач кілець
8231,Виготовлювач молдингів
8231,Виготовлювач мочаних виробів
8231,Виймальник варильних камер
8231,Випалювач масивних шин
8231,Випробувач гумових виробів
8231,Випробувач кілець
8231,Вирубник заготовок та виробів
8231,Вставник камер
8231,Вулканізаторник
8231,Віджимач повітря та вологи з камер
8231,Готувач камер та рукавів
8231,Гофрувальник трубок
8231,Грануляторник
8231,Гумівник металовиробів
8231,Девулканізаторник
8231,Дублювальник
8231,Заготівник бинта
8231,Заготівник гумових виробів та деталей
8231,Заготівник зразків для випробування шин
8231,Заготівник каркаса спортивних велошин
8231,Заготівник такелажу інженерного майна
8231,Заготівник шиноремонтних матеріалів
8231,Заготівник шприцьованих деталей для шин
8231,Закочувач мочаних виробів
8231,Закрійник гумових виробів та деталей
8231,Звивальник кілець
8231,Знімач гумових виробів
8231,Знімач свинцевої оболонки з рукавів
8231,Каландрувальник гумових сумішей
8231,Каландрувальник на обгумуванні металокордного полотна
8231,"Клеїльник гумових, полімерних деталей та виробів"
8231,Контролер шинного виробництва
8231,Машиніст автокамерного агрегата
8231,Машиніст агрегата виготовлення навивальних рукавів
8231,Машиніст агрегата виготовлення стиральної гумки
8231,Машиніст гумозмішувача
8231,Машиніст каландра (виробництво продукції з гуми)
8231,Машиніст клейового агрегата
8231,Машиніст обплітальної машини
8231,Машиніст передформувальника
8231,Машиніст просочувального агрегата
8231,Машиніст протекторного агрегата
8231,Машиніст розплітальної машини
8231,Машиніст сквиджового верстата
8231,Машиніст стрейнера
8231,Мийник покришок
8231,Модельник гумового взуття
8231,Навивальник металокордного полотна
8231,Накатник
8231,Налагоджувальник устаткування для виробництва гумових виробів та взуття
8231,Намазувальник деталей
8231,Нормалізаторник
8231,Оброблювач вентилів
8231,Оброблювач гумових виробів
8231,Оброблювач матеріалів латексом
8231,Обрубувач облою
8231,Обрізувач гумових виробів
8231,Оператор з виготовлення гумових сумішей
8231,Оператор з перезарядження транспортних систем
8231,Оператор з термооброблення корду
8231,Оператор подавання наповнювачів
8231,Перезарядник складальних верстатів
8231,Перезарядник установки декристалізації каучуку
8231,Перекочувач тканини та прокладки
8231,Пластикаторник
8231,Правильник дроту та плетінки
8231,Пресувальник-вулканізаторник
8231,Пресувальник-освинцювальник рукавів
8231,Приймальник покришок
8231,Пропалювач медичних виробів
8231,Піддувальник виробів
8231,Рафінувальник
8231,Ремонтувальник гумових виробів
8231,"Різальник еластомерів, гумових та азбестових виробів"
8231,Складач наважок інгредієнтів
8231,Стикувальник смуг
8231,Сушильник девулканізату
8231,Термопластикаторник
8231,Фарбувальник гумових виробів
8231,Фліперувач бортових кілець
8231,Формувальник покришок
8231,Холодильщик гумових сумішей
8231,Чистильник оснащення та пристроїв
8231,Шорсткувальник
8231,Штампувач гумового взуття
8232,"Апаратник ацеталювання (виробництво синтетичних смол, пластмас та їх перероблення)"
8232,Апаратник бучення
8232,Апаратник вибілювання
8232,Апаратник виготовлення армованих пресувальних матеріалів
8232,Апаратник виготовлення нетканих скловолокнистих матеріалів
8232,Апаратник виготовлення орієнтованої плівки
8232,Апаратник виготовлення плівкових матеріалів методом поливу
8232,Апаратник виготовлення термопасти
8232,Апаратник виробництва бакелітової плівки
8232,Апаратник виробництва поліімідної плівки
8232,Апаратник висадження
8232,Апаратник гомогенізації пластичних мас
8232,Апаратник деструкції
8232,Апаратник дозрівання
8232,Апаратник з виготовлення клейової нитки
8232,Апаратник затвердіння
8232,Апаратник напилення скловолокнистих матеріалів
8232,Апаратник облагороджування гексолу
8232,Апаратник оплавлення
8232,Апаратник орієнтації органічного скла
8232,Апаратник приготування вологої міпори
8232,Апаратник приготування ламінованої плівки
8232,Апаратник приготування пасти
8232,Апаратник приготування полімеризаційної суміші
8232,Апаратник силіконування
8232,Апаратник спікання
8232,Апаратник спінювання полістиролу
8232,Апаратник спінювання пінопластів
8232,Апаратник стандартизації у виробництві пластичних мас
8232,Апаратник термовологого оброблення
8232,Апаратник термооброблення пластмасових виробів
8232,Апаратник форполімеризації
8232,Вибивальник блоків міпори
8232,Виготовлювач багатошарових панелей
8232,Виготовлювач блоків пінополіуретану
8232,Виготовлювач виробів методом намотування
8232,Виготовлювач виробів із спінювальних матеріалів
8232,Виготовлювач декоративних елементів меблів
8232,Виготовлювач деталей та вузлів трубопроводів з пластмас
8232,Виготовлювач пластмасової апаратури
8232,Виготовлювач пресувальних матеріалів
8232,Виготовлювач склопластикових виробів намотуванням
8232,Виготовлювач склопластикових гребних гвинтів
8232,Виготовлювач спеціальних виробів з полімерних композиційних матеріалів намотуванням
8232,Виготовлювач стрічки з фторопласту
8232,Виготовлювач труб
8232,Виготовлювач труб з фторопласту
8232,Виготовлювач форм (виробництво виробів з органічного скла)
8232,Виготовлювач художніх виробів з пластмас
8232,Виготовлювач целулоїдних кілець
8232,Випробувач скловолокнистих матеріалів та склопластиків
8232,Виробник електроізоляційних трубок
8232,Виробник сепараторів
8232,Вініпластник
8232,Готувач крупки оргскла
8232,Гофрувальник вініпласту
8232,Доводжувач деталей
8232,Заготівник плівки
8232,Заливальник форм полімеризаційною сумішшю
8232,Запресувальник ін'єкційного вузла
8232,Зварник пластмас
8232,Знімач склопластикових і скловолокнистих виробів
8232,Кабестанник
8232,Калібрувальник трубок з пластичних мас
8232,Калібрувальник форм
8232,Клеїльник міканітів
8232,Клеїльник плівкоелектрокартону
8232,Комплектувальник
8232,Контролер виробництва скловолокна та склопластиків
8232,Контролер полімерних будівельних матеріалів
8232,Контролер у виробництві електроізоляційних матеріалів
8232,Контролер із звучання
8232,Контурувальник склопластикових виробів
8232,Ливарник пластмас
8232,Лущильник плівки
8232,Машиніст автоматичної лінії виготовлення контейнерів з полімерів
8232,Машиніст вакуум-формувальної машини (пластичні маси)
8232,Машиніст видувних машин
8232,Машиніст гранулювання пластичних мас
8232,Машиніст дублювального агрегата
8232,Машиніст екструдера
8232,Машиніст мікструдера
8232,Машиніст напівавтоматичного формувального агрегата
8232,Машиніст установки самоклейних плівок
8232,Машиніст іонізаційної машини
8232,Набирач текстолітових ободів
8232,Накатник-обкатник
8232,Накочувальник напилених виробів
8232,Налагоджувальник машин і автоматичних ліній для виробництва виробів із пластмас
8232,Налагоджувальник устаткування у виробництві скловолокна та склопластиків
8232,Обклеювач оргскла
8232,Оброблювач виробів із пластмас
8232,Оброблювач заготовок із скловолокна
8232,Оброблювач сепараторів
8232,Окантувальник сепараторних пластин
8232,Оператор вальцьово-каландрової лінії виробництва полівінілхлоридної плівки
8232,Оператор виготовлення рулонно-конструкційних матеріалів
8232,Оператор виробництва формованого поліуретану та пінополіуретану
8232,Оператор одержання полівінілхлоридних композицій
8232,Оператор одержання склополотна одностадійним методом
8232,Оператор роторної лінії для виробництва виробів з пластичних мас
8232,Оператор установки виготовлення гофрованих листових склопластиків
8232,Оператор установок виготовлення склопластикових конструкцій
8232,Оплавлювач виробів
8232,Паяльщик по вініпласту
8232,Перемотувальник електроізоляційних матеріалів
8232,Перфораторник плівок з пластичних мас
8232,Полірувальник водневим полум'ям
8232,Пресувальник бавовняної целюлози та відходів целулоїду
8232,Пресувальник блоків целулоїду
8232,Пресувальник виробів з пластмас
8232,Пресувальник електротехнічних виробів
8232,Пресувальник листових матеріалів
8232,Пресувальник плівкових матеріалів прес-рулонним методом
8232,Пресувальник труб та профілів
8232,Пресувальник ізоляційних матеріалів
8232,Пресувальник-видувник целулоїдних виробів
8232,Прокатник плівки
8232,Просочувальник (виробництво склопластиків)
8232,Протиральник виробів
8232,Протиральник стеарату кальцію
8232,Протягувальник штурвалів
8232,Підбирач прес-матеріалів
8232,Підклеювач скловолокнистих матеріалів
8232,Розбирач пакетів
8232,Роздільник джгутів скловолокна
8232,Розкрійник листового матеріалу
8232,Розкрійник плівки
8232,Розпарювальник целулоїдних пластин
8232,Розривник відбитків
8232,Розфарбовувач виробів
8232,Розщеплювальник синтетичних ниток
8232,Різальник заготовок та виробів з пластичних мас
8232,Слюсар з виготовлення деталей та зразків з полімерних композиційних матеріалів
8232,Слюсар-складальник спеціальних виробів з полімерних композиційних матеріалів
8232,Стругальник блоків з оргскла
8232,Стругальник целулоїдних блоків
8232,Травильник синтетичних матеріалів на тканинній основі
8232,Укладальник склонитки у вироби
8232,Фарбувальник виробів із склопластиків
8232,Формувальник блоків міпори
8232,Формувальник буртів фаолітових труб
8232,Формувальник виробів з поропластів
8232,Формувальник деталей та іграшок
8232,Формувальник склопластикових виробів
8232,Формувальник спеціальних виробів з полімерних композиційних матеріалів
8232,Формувальник спіненого полістиролу
8232,Шприцювальник
8240,Автоматник з вироблення деталей клавішних інструментів
8240,Верстатник з нанесення фосфорної маси на картон
8240,Верстатник картонорізального верстата
8240,Верстатник корувального верстата
8240,Верстатник соломкорубального верстата
8240,Верстатник спеціальних деревообробних верстатів
8240,Верстатник шпалорізного верстата
8240,Виробник стрижнів
8240,Готувач композиційних блоків
8240,Готувач коркової крупи
8240,Оброблювач коркових виробів
8240,Оператор контрольного стола
8240,Оператор на автоматичних та напівавтоматичних лініях у деревообробленні
8240,Оператор напівавтоматичної лінії вироблення сірникових коробок
8240,Оператор пакувальних автоматів
8240,Пресувальник деталей для іграшок
8240,Різальник коркових виробів
8240,Складальник чемоданів з фанери
8240,Штампувальник коркових виробів
8251,Бронзувальник
8251,Друкар брайлівського друкування
8251,Друкар високого друкування
8251,Друкар глибокого друкування
8251,Друкар друкування на жерсті
8251,Друкар діаграмної продукції
8251,Друкар естампа
8251,Друкар металографічного друкування
8251,Друкар міліметрівки
8251,Друкар орловського друкування
8251,Друкар офсетного плоского друкування
8251,Друкар трафаретного друкування
8251,Друкар флексографічного друкування
8251,Машиніст адресувальної машини
8251,Машиніст вибіркової машини
8251,Машиніст друкарсько-висікального агрегата
8251,Машиніст друкарської машини (виробництво олівців)
8251,Машиніст сортувального автомата
8251,Машиніст шпалерно-друкарської машини
8251,Накладальник на друкарських машинах
8251,Оператор вивідних пристроїв
8251,Оператор друкарського устаткування
8251,Оператор електронного складання та верстання
8251,Оператор з виготовлення гільйошів
8251,Оператор лазерних гравіювальних автоматів для виготовлення форм офсетного плоского друкування
8251,Оператор фарбової станції
8251,Оператор цифрового друкування
8251,"Оператор цифрової розмножувальної машини (різографа, дуплікатора і т. ін.)"
8251,Приймальник на машинах та агрегатах
8251,Шовкограф
8252,Друкар-тиснильник
8252,Машиніст абеткової машини
8252,Машиніст автомата для виготовлення обрізних обкладинок
8252,Машиніст автомата для загортання книг у суперобкладинку
8252,Машиніст автоматичної лінії для виготовлення зошитів для нот та альбомів для малювання
8252,Машиніст автоматичної лінії для виготовлення книг
8252,Машиніст агрегата для незшивного клейового скріплювання
8252,Машиніст агрегатів для виготовлення зошитів
8252,Машиніст блоковставлювальної машини
8252,Машиніст блокообробного агрегата
8252,Машиніст висікально-пакувального агрегата
8252,Машиніст вкладально-швацько-різального агрегата
8252,Машиніст каландра (поліграфічне виробництво)
8252,Машиніст капталоприклеювальної машини
8252,Машиніст комплектувально-швацької машини
8252,Машиніст лакувально-гумувальної машини
8252,Машиніст ламінувальної машини
8252,Машиніст лініювальної машини
8252,Машиніст лінії виготовлення паспортів
8252,Машиніст машини для виготовлення конвертів
8252,Машиніст машини для вкладання книг у футляри
8252,Машиніст палітуркоробної машини
8252,Машиніст покривальної машини
8252,Машиніст приклеювальної машини
8252,Машиніст різальних машин
8252,Машиніст фальцювальних машин
8252,Машиніст швацьких машин та автоматів
8252,Парафінувальник (поліграфічне виробництво)
8252,Перфораторник (поліграфічне виробництво)
8252,Пресувальник (поліграфічне виробництво)
8253,Акліматизатор
8253,Друкар друкарсько-висікального автомата
8253,Машиніст автоматичної лінії обробки акцизних марок
8253,Машиніст автоматичної лінії обробки банкнот
8253,Машиніст автоматичної машини обробки акцизних марок
8253,Машиніст лінії знешкоджування відходів цінних паперів
8253,Машиніст машини для виготовлення обандеролюючих стрічок
8253,Машиніст обандеролюючої машини
8253,Намотувальник ізоляційних остовів уводів
8253,Насікальник карт
8253,Розкрійник матеріалів
8253,Різальник матеріалів кабельного виробництва
8259,Машиніст автоматичних ліній у поліграфічному виробництві
8259,Машиніст машин та автоматів у поліграфічному виробництві
8261,Апаратник коконозапарювальної машини
8261,Апаратник приготування трести
8261,Вивантажувач бавовни
8261,Вигрібальник пуху та відходів
8261,Виробник мотузяних виробів
8261,Виробник синельки
8261,Готувач просочувальної суміші
8261,Готувач сировини
8261,Готувач трести
8261,Завантажувач сировини
8261,Зв'язувальник пачок волокна
8261,Звалювальник
8261,Змішувальник волокна
8261,Знімач волокна (виробництво шовку)
8261,Знімач волокна (первинне оброблення бавовни й луб'яних культур)
8261,Калібрувальник коконів
8261,Коконозмішувач
8261,Кокономотальник
8261,Контролер стосів
8261,Контролер технологічного процесу (виробництво пряжі)
8261,Крутильник сіткаря
8261,Машиніст віджимально-промивного устаткування
8261,Наколювальник рослинної повсті
8261,Намотувальник пряжі
8261,Насаджувач бобін
8261,Насаджувач валів
8261,Настелювач (виробництво текстилю)
8261,Настелювач (швацьке виробництво)
8261,Обрубувач ватників
8261,Обчісувальник барабанів
8261,Оператор агрегата оброблення відходів
8261,Оператор виготовлення ровінгу
8261,Оператор вузлов'язальної машини
8261,Оператор голкопробивного устаткування
8261,Оператор джгутоперемотувальної машини
8261,Оператор канатної машини
8261,Оператор канатозвивальних та мотузяних машин
8261,Оператор круглочесальної машини
8261,Оператор крутильного устаткування
8261,Оператор льоночесальної машини
8261,Оператор лінтерного устаткування
8261,Оператор м'яльно-чесальної машини
8261,Оператор механізованого подавання суміші
8261,Оператор мотального устаткування
8261,Оператор обкручувального устаткування
8261,Оператор перевивальної машини
8261,Оператор плетільного устаткування
8261,Оператор потокової лінії з вироблення волокна
8261,Оператор прядеплетільної машини
8261,Оператор пушильного устаткування
8261,Оператор релаксаційно-мотального агрегата
8261,Оператор розкладальної машини (виробництво шовку)
8261,Оператор розкладальної машини (лляне виробництво)
8261,Оператор розподілу пряжі
8261,Оператор розпушувально-тіпального агрегата
8261,Оператор розпушувально-тіпальної машини
8261,Оператор розчісувального устаткування
8261,Оператор рівничного устаткування
8261,Оператор снувального устаткування
8261,Оператор стригального устаткування
8261,Оператор сукального устаткування
8261,Оператор сушильного устаткування
8261,Оператор трясильної машини
8261,Оператор чесально-в'язального устаткування
8261,Оператор чесально-дублювального агрегата
8261,Оператор чесально-стрічкового агрегата
8261,Оператор чесального устаткування
8261,Оператор шліхтувального устаткування
8261,Перемотувальник склотканини
8261,Перемотувальник стрічки (виробництво вовни)
8261,Полірувальник (виробництво текстилю)
8261,Помічник майстра (оброблення волокна та перемотування нитки)
8261,Пресувальник волокна (конопледжутове виробництво)
8261,Пресувальник волокна (лляне виробництво)
8261,Пресувальник відходів (виробництво текстилю)
8261,Пресувальник готової продукції та відходів
8261,Пресувальник рослинної повсті
8261,Пресувальник сировини та волокна
8261,Прив'язувальник
8261,Присукальник основ
8261,Протравлювач бавовняного насіння
8261,Прядильник
8261,Підбирач ставок
8261,Розкладач сировини
8261,Розмотувач
8261,Розправляч
8261,Розроблювач відходів
8261,Розроблювач сировини
8261,Смолильник клоччя
8261,Сортувальник сировини та волокна
8261,Сплавлювач відходів
8261,Ставильник (виробництво текстилю)
8261,Сушильник луб'яної сировини
8261,Тунелепрокладник у бунтах бавовни-сирцю
8261,Укладальник сировини
8261,Чистильник устаткування (первинне оброблення бавовни й луб'яних культур)
8261,Штампувальник ватних фільтрів
8261,Штапелювальник
8262,В'язальник
8262,В'язальник трикотажних виробів та полотна
8262,Ватинник
8262,Ділильник мережива
8262,Електроворсувальник
8262,Заготівник м'якої тари
8262,Кетельник
8262,Килимарник
8262,Контролер технологічного процесу (виробництво тканин)
8262,"Машиніст вишивальної машини ""пантограф"""
8262,Оброблювач тканини та волокна
8262,Обробник ворсу
8262,Обробник тканини
8262,Обхідник траси гідрозоловилучення та золовідвалів
8262,Оператор в'язально-прошивного устаткування
8262,Оператор витягальної машини
8262,Оператор ворсувального устаткування
8262,Оператор голкопробивного агрегата
8262,Оператор гребенечесального устаткування
8262,Оператор полотновитягальної машини
8262,Оператор прасувально-сушильного агрегата
8262,Оператор розмоту вальної машини
8262,Оператор стрічкового устаткування
8262,Оператор ширильного устаткування
8262,Перемотувальник основ
8262,Пересаджувач сіток
8262,Помічник майстра (ткацькі верстати та в'язальні машини)
8262,Пресувальник тканини
8262,Розкатник тканини
8262,Різальник матеріалів та виробів (виробництво текстилю)
8262,Сукновал
8262,Сіткоплетільник
8262,Ткач
8262,Формувальник трикотажних виробів
8262,Чистильник устаткування (виробництво текстилю)
8262,Шліфувальник полотна
8263,Вишивальник
8263,Вишивальник текстильно-галантерейних виробів
8263,Зварник швацьких виробів на установках СВЧ
8263,Оператор швацького устаткування
8263,Плісирувальник-гофрувальник
8264,Апаратник апретування
8264,Апаратник білизняних сушильних установок
8264,Апаратник запарювання
8264,Апаратник запарювання відходів
8264,Апаратник звалювання виробів
8264,Апаратник зволоження
8264,Апаратник каустифікації
8264,Апаратник мерсеризації (виробництво текстилю)
8264,Апаратник парафінування тканини
8264,Апаратник плюсування
8264,Апаратник просочування (виробництво текстилю)
8264,Апаратник просочування (хімічне виробництво)
8264,Апаратник сепарування й флотації
8264,Апаратник термооброблення тканини
8264,Апаратник терморелаксації пряжі
8264,Апаратник термостабілізації
8264,Апаратник хлорування та станірування
8264,Апаратник хімічного чищення
8264,Апаратник хімічного чищення спецодягу
8264,Апаратник чищення килимових виробів
8264,Апаратник чищення пухо-пір'яних виробів
8264,Варильник хімічних сполук для варіння відходів
8264,Варник апрету
8264,Вибільник (текстильне виробництво)
8264,Виробник парафінових кілець
8264,Відварник
8264,Відварних коконових відходів
8264,Віджимач (виробництво текстилю)
8264,Віджимач білизни на центрифугах
8264,Віджимач полотен
8264,Відпарювач-пресувальник
8264,Готувач пральних розчинів
8264,Гофрувальник протезів кровоносних судин
8264,Декатирувальник
8264,Емульсувальник
8264,Заварник
8264,Заготівник хімічних розчинів та фарб
8264,Замилювальник тканини
8264,Замочувальник шовку-сирцю
8264,Запарювач виробів з вовни
8264,Запарювач коконів
8264,Запарювач крученого шовку
8264,Запарювач тканини
8264,Зволожувальник сировини
8264,Каландрувальник (виробництво текстилю)
8264,Каландрувальник (електротехнічне виробництво)
8264,Карбонізаторник (виробництво вовни)
8264,Кислотувальник
8264,Комплектувальник виробів
8264,Контролер якості оброблення виробів
8264,Контролер якості оброблення одягу та білизни
8264,М'якшильник
8264,Машиніст очищувального устаткування
8264,Машиніст промивально-сушильно-ширильно-стабілізаційної лінії
8264,Машиніст ратинувальної машини
8264,Машиніст із прання та ремонту спецодягу
8264,Мийник вовни (валяльно-повстяне виробництво)
8264,Мийник вовни (виробництво вовни)
8264,Мийник мокрих відходів
8264,Мийник полотна
8264,"Накатник тканини, полотна"
8264,Оператор електростатичного оброблення
8264,Оператор клейового устаткування
8264,Оператор мийно-віджимального агрегата
8264,Оператор обпалювального устаткування
8264,Оператор пральних машин
8264,Оператор пральні самообслуговування
8264,Оператор промивального устаткування
8264,Оператор просочувального устаткування
8264,Оператор розподілу хімічних матеріалів
8264,Оператор снувальної просочувально-витягальної машини
8264,Оператор термоскріплювального устаткування
8264,Оператор чистильної машини
8264,Охолоджувач тканини
8264,Плямовивідник
8264,"Помічник майстра (вибілювання, фарбування та чищення)"
8264,Проклеювач
8264,Проклеювач ватиліну
8264,Промивальник сировини
8264,Промивальник технічних сукон
8264,Просочувальник пожежних рукавів
8264,Стерилізаторник вати
8264,Сушильник (виробництво текстилю)
8264,Сушильник (заправник)
8264,Сушильник виробів (хімічне чищення й фарбування)
8264,Сушильник відходів
8264,Термообробник пряжі
8264,Термообробник текстильно-галантерейних виробів
8264,Термообробник швацьких виробів
8264,Термоусадник
8264,Фарбувальник (виробництво текстилю)
8264,Фарбувальник (хімічне чищення й фарбування)
8264,Фарбувальник матеріалів для іграшок
8264,Шліхтовар
8265,Апаратник водно-хімічного оброблення
8265,Апаратник відкочування
8265,Апаратник дублення (хутряне виробництво)
8265,Апаратник дублення (шкіряне та шкіросировинне виробництво)
8265,Апаратник знежирення
8265,"Апаратник знезолення, м'якшення"
8265,Апаратник зоління (шкіросировинне виробництво)
8265,Апаратник м'якшення шкіряних напівфабрикатів та хутряних шкурок
8265,Апаратник приготування дубильних екстрактів
8265,Апаратник приготування лаку
8265,Апаратник приготування міздряного клею
8265,"Апаратник промивання міздрі, вовни, щетини та волосу"
8265,Апаратник фарбування й жирування шкір
8265,Апретурник
8265,Вальцювальник шкіряних матеріалів
8265,Варник шубного шматка
8265,Варник щетини та волосу
8265,Віджимач (легка промисловість)
8265,Епілювальник хутряних шкурок
8265,Машиніст віджимального устаткування (шкіряне й шкіросировинне виробництво)
8265,Машиніст двоїльної машини (шкіросировинне виробництво)
8265,Машиніст з розмотування щетинних стрічок
8265,Машиніст напівавтоматичної лінії двоїння овчини
8265,Машиніст промивальної машини
8265,Машиніст розвідної машини
8265,Машиніст чесальних та мішальних машин
8265,Мийник міздрі та волосу
8265,Мийник щетини та волосу
8265,Обробник щетиноволосяних матеріалів та виробів
8265,Пресувальник (хутряне виробництво)
8265,Пресувальник шкір
8265,Протравлювач шкурок
8265,Розбивальник відходів
8265,Розвідник шкір
8265,"Сушильник сировини, напівфабрикатів та виробів"
8265,Термообробник щетини та волосу
8265,Фасувальник жмутів щетини та волосу
8265,Чистильник лиця голини
8266,Виробник лекал (легка промисловість)
8266,Вирубник деталей
8266,Дублювальник деталей та матеріалів
8266,Зварник на установках СВЧ
8266,Машиніст рифлювальної машини
8266,Оператор конвеєрної лінії
8266,Оператор розкрійного устаткування
8266,Пошивник шкірогалантерейних виробів
8266,Розмітник деталей та матеріалів
8266,Різальник матеріалів та виробів (легка промисловість)
8266,Складальник верху взуття
8266,Складальник взуття
8266,Складальник низу взуття
8266,Формувальник деталей та виробів
8266,Фрезерувальник взуття
8266,"Шліфувальник виробів, напівфабрикатів та матеріалів"
8269,Валяльник
8269,Велюрник
8269,Виробник гнотів
8269,Виробник основи валяльно-повстяних виробів
8269,Знімач взуття з колодок (валяльно-повстяне виробництво)
8269,Знімач взуття з колодок (виробництво шкіряного взуття)
8269,Квіткар
8269,Крутильник джгутів
8269,Крутильник шнурів
8269,Машиніст обкатної машини
8269,Машиніст обсадної машини
8269,Машиніст плунжерної машини
8269,Набивальник наконечників на шнур
8269,Накатник виробів
8269,Насаджувач взуття
8269,Обліковець міри та виробів
8269,Обробник валяльно-повстяних виробів
8269,Оператор плетільної машини
8269,Оплавлювач полотна та виробів
8269,"Помічник майстра (текстильні, хутряні та шкіряні вироби)"
8269,Пресувальник валяльно-повстяних виробів та шкурок
8269,Розпилювач повсті
8269,Розправляч повстяних виробів
8269,Склеювач ниток та текстильно-галантерейних виробів
8269,Формувальник головних уборів (валяльно-повстяне виробництво)
8269,Формувальник текстильних виробів
8269,"Чистильник тканини, виробів"
8269,Штампувальник (текстильна галантерея)
8270,Апаратник з виробництва олії та тваринних жирів
8270,Апаратник стерилізації консервів.
8270,Варник харчової сировини та продуктів
8270,Контролер харчової продукції
8270,Машиніст закупорювальних машин у виробництві консервів
8270,Машиніст машин і установок у харчовій промисловості
8270,Оператор ліній та установок з консервування овочів і фруктів
8270,Оператор лінії у виробництві харчової продукції
8270,Оператор сублімаційної установки
8271,Апаратник виробництва альбуміну
8271,Апаратник виробництва бульйонних кубиків
8271,Апаратник виробництва мастила
8271,Апаратник виробництва технічної продукції
8271,Апаратник виробництва харчових жирів
8271,Апаратник вітамінізації жиру
8271,Апаратник гомогенізації (виробництво м'ясних продуктів)
8271,Апаратник гідролізу жиру й печінки
8271,Апаратник заморожування ендокринно-ферментної сировини
8271,Апаратник оброблення крові
8271,Апаратник одержання пату
8271,Апаратник опромінювання жиру
8271,Апаратник пастеризації яєчної маси
8271,Апаратник регенерації воскової маси
8271,Апаратник стерилізації консервів (виробництво м'ясних та рибних продуктів)
8271,Апаратник стерилізації м'ясної сировини
8271,Апаратник сушіння яєчної маси
8271,Апаратник термічного оброблення ковбасних виробів
8271,Апаратник термічного оброблення м'ясопродуктів
8271,Апаратник термічного оброблення субпродуктів
8271,Апаратник установки для відокремлення м'яса від кісток
8271,Апаратник утилізації конфіскатів
8271,Апаратник хімічного оброблення технічної сировини
8271,Варник харчової сировини та продуктів (виробництво м'ясних та рибних продуктів)
8271,Виробник напівфабрикатів з м'яса птиці
8271,Виробник перо-пухових виробів
8271,Готувач перо-пухової суміші
8271,Контролер харчової продукції (виробництво м'ясних та рибних продуктів)
8271,Машиніст закупорювальних машин (виробництво м'ясних та рибних консервів)
8271,Машиніст перо-пухообробних машин
8271,Обжарювальник харчових продуктів (виробництво м'ясних продуктів)
8271,Оператор автомата для виробництва варених ковбас
8271,Оператор автомата для виробництва напівфабрикатів
8271,Оператор автоматичної лінії виробництва сосисок
8271,Оператор коптильної установки
8271,Оператор лінії для оброблення перо-пухової сировини
8271,Оператор лінії приготування фаршу
8271,Оператор лінії у виробництві харчової продукції (виробництво м'ясних продуктів)
8271,Оператор рибокоптильної механізованої лінії
8271,Оператор сублімаційної установки (виробництво м'ясних продуктів)
8271,Оператор термокамер та термоагрегатів
8271,Оператор швидкоморозильних апаратів
8271,Просівальник технічної продукції
8271,Сушильник перо-пухової сировини
8272,Апаратник виробництва заквасок
8272,Апаратник виробництва кисломолочних та дитячих молочних продуктів
8272,Апаратник виробництва молочного цукру
8272,Апаратник виробництва плавленого сиру
8272,Апаратник виробництва рідкого замінника незбираного молока
8272,Апаратник виробництва сухих молочних продуктів
8272,Апаратник виробництва топленого масла
8272,Апаратник відновлення молока
8272,Апаратник гомогенізації молока
8272,Апаратник згущення молока та іншої молочної сировини
8272,Апаратник нанесення полімерних та парафінових покриттів на сири
8272,Апаратник охолодження молочних продуктів
8272,Апаратник пастеризації (молочне виробництво)
8272,Апаратник пастеризації та охолодження молока
8272,Апаратник стерилізації консервів (молочне виробництво)
8272,Бринзороб
8272,Варник глазурі
8272,Вафельник (виробництво морозива)
8272,Вафельник (кондитерське виробництво)
8272,Виробник казеїну
8272,Виробник морозива
8272,Виробник сирної маси
8272,Виробник сиру
8272,Виробник сичугового порошку та харчового пепсину
8272,Виробник сметани
8272,Гартівник морозива
8272,Дефростатни к молочних продуктів
8272,Контролер харчової продукції (виробництво молочних продуктів)
8272,Коптильник ковбасного сиру
8272,Маслороб
8272,Машиніст вакуум-пакувальної машини
8272,Машиніст закупорювальних машин (молочне виробництво)
8272,Мийник сиру
8272,Оператор автомата для розливання молочної продукції у пакети та плівку
8272,Оператор автоматичної лінії виробництва молочних продуктів
8272,Оператор лінії виробництва морозива
8272,Оператор лінії розливання молока та молочної продукції у пляшки
8272,Оператор лінії у виробництві харчової продукції (молочне виробництво)
8272,Оператор молокосховища
8272,Оператор пляшкорозвантажувального та пляшкоукладального автомата
8272,Оператор розфасовувально-пакувального автомата
8272,Оператор тестера
8272,Оператор у виробництві заквасок
8272,Оператор у виробництві кисломолочних та дитячих молочних продуктів
8272,Оператор у виробництві розчину казеїнатів та казецитів
8272,Оператор централізованої мийки
8272,Пресувальник сиру
8272,Сепараторник молока та молочної сировини
8272,Сировар
8272,Сировар з дозрівання сирів
8272,Сушильник молочного цукру
8272,Сушильник харчової продукції (молочне виробництво)
8272,Формувальник сиру
8272,Фризерник (виробництво морозива)
8273,Апаратник борошномельного виробництва
8273,Апаратник комбікормового виробництва
8273,Апаратник круп'яного виробництва
8273,Апаратник оброблення зерна
8273,Виробник сагової крупки
8273,Завантажувач-вивантажувач харчової продукції
8273,Кондиційник зерна та насіння
8273,Машиніст дробильних установок (помел зернових та прянощів)
8273,Машиніст зернових навантажувально-розвантажувальних машин
8273,Машиніст очищувальних машин
8273,Машиніст розмельного устаткування
8273,Машиніст шеретувальних установок (оброблення зернових)
8273,Мельник
8273,Обмолотник
8273,Оператор лінії для виробництва борошна та гранул
8273,Оператор машини для відокремлення зародків
8273,Оператор пакетоформувальних машин
8273,Силосник
8274,Апаратник з оброблення сирого пектину
8274,Апаратник приготування інвертного сиропу
8274,Бісквітник
8274,Варник харчової сировини та продуктів (кондитерське виробництво)
8274,Вибільник коагуляту
8274,Виробник кукурудзяних паличок
8274,Виробник таблеток
8274,Глазурувальник
8274,Глянцювальник карамелі та драже
8274,Дезодораторинк сої
8274,Дражувальник
8274,Екстрагувальник пектину
8274,Карамельник
8274,Коагуляторник пектину
8274,Контролер харчової продукції (хлібопекарне та кондитерське виробництва)
8274,Купажник пектинового екстракту
8274,Машиніст збивальних машин
8274,Машиніст машин для чищення та змазування листів
8274,Машиніст нанизувальних машин
8274,Машиніст обшпарювального агрегата
8274,Машиніст поточної лінії формування хлібних виробів
8274,Машиніст тістомісильних машин
8274,Машиніст тістообробних машин
8274,Машиніст формувально-закручувального напівавтомата
8274,Машиніст шоколадообробних машин
8274,Оператор (кочегар) виробничих печей
8274,Оператор лінії для виробництва жувальної гумки
8274,Оператор лінії приготування шоколадної маси
8274,Оператор лінії у виробництві харчової продукції (хлібопекарно-макаронне та кондитерське виробництва)
8274,Оператор потоково-автоматичної лінії
8274,Оператор установки безтарного зберігання сировини
8274,Пекар комплексно-механізованої лінії
8274,Пекар-майстер
8274,Пресувальник напівфабрикату макаронних виробів
8274,Сушильник довготрубчастих макаронів
8275,Апаратник гомогенізації (виробництво консервів)
8275,Апаратник гідратації (виробництво олії та жирів)
8275,Апаратник гідролізу крохмального молока
8275,Апаратник дезодорації
8275,Апаратник дифузії
8275,Апаратник етаноламінової установки
8275,Апаратник з приготування майонезу
8275,Апаратник знежирення сиропів
8275,Апаратник крохмального агрегата
8275,Апаратник оброблення ефірних олій
8275,Апаратник одержання декстрину
8275,Апаратник одержання екструзійних крохмалепродуктів
8275,Апаратник одержання кукурудзяної олії
8275,Апаратник одержання сирого крохмалю
8275,Апаратник одержання сиропів
8275,Апаратник одержання сухих кормів
8275,Апаратник одержання сухого крохмалю
8275,Апаратник одержання фосфатидів
8275,Апаратник осадження глютену
8275,Апаратник пароводотермічного агрегата
8275,Апаратник пастеризації (виробництво фруктових та овочевих консервів)
8275,Апаратник приготування високожирних емульсій
8275,Апаратник приготування емульгатора
8275,Апаратник приготування кулінарних та кондитерських жирів
8275,Апаратник приготування окисленого крохмалю
8275,Апаратник рафінації жирів та олій
8275,Апаратник рафінування крохмалю
8275,Апаратник розщеплення жирів
8275,Апаратник стерилізації консервів (виробництво фруктових та овочевих консервів)
8275,Апаратник сульфітації овочів та фруктів
8275,Апаратник термічної коагуляції білкових речовин
8275,Апаратник томатосокового агрегата
8275,Апаратник ферментації ефіроолійної сировини
8275,Апаратник-екстракторник
8275,Апаратник-комплекторник
8275,Бланшувальник
8275,"Варник сиропів, соків та екстрактів"
8275,Варник харчової сировини та продуктів (виробництво фруктових та овочевих консервів)
8275,Готувач крохмального молока
8275,Гідрогенізаторник
8275,Гідроциклонник
8275,Ексгаустерувальник банок з консервами
8275,Жарівник
8275,Заливальник продуктів консервування
8275,Калібрувальник харчових продуктів
8275,Контролер харчової продукції (виробництво фруктових та овочевих консервів)
8275,Контролер-вагар
8275,Машиніст дробильних установок (харчова промисловість)
8275,Машиніст з очищення кукурудзяних качанів
8275,Машиніст закупорювальних машин (виробництво фруктових та овочевих консервів)
8275,Машиніст протиральних машин
8275,Машиніст розливально-наповнювальних автоматів
8275,Машиніст терткових машин
8275,Машиніст шеретувальних установок (оброблення олієнасіння)
8275,"Обжарювальник харчових продуктів (перероблення овочів, олієнасіння та горіхів)"
8275,Оператор автоматизованої лінії варіння томатопродуктів
8275,Оператор лінії виробництва маргарину
8275,Оператор лінії у виробництві харчової продукції (виробництво сухого глютену)
8275,"Оператор лінії у виробництві харчової продукції (перероблення фруктів, овочів, олієнасіння та горіхів)"
8275,Оператор мийно-очищувального агрегата
8275,"Оператор сублімаційної установки (перероблення фруктів, овочів, олієнасіння та горіхів)"
8275,Плавильник харчового жиру
8275,"Пресувальник-віджимач харчової продукції (перероблення фруктів, овочів, олієнасіння та горіхів)"
8275,"Пресувальник-формувальник харчової продукції (перероблення фруктів, овочів, олієнасіння та горіхів)"
8275,Регенераторник
8275,Сушильник харчової продукції (виробництво цукру)
8275,Темперувальник жирової основи
8275,Фарширувальник овочів
8275,Ферментаторник
8275,Флотаторник (виробництво крохмалю та крохмалепродуктів)
8275,Фризерник (виробництво харчових жирів)
8275,Холодильщик харчової продукції
8276,Апаратник варіння утфелю
8276,Апаратник дефекосатурації бурякового соку
8276,Апаратник оброблення бурякового соку
8276,Апаратник оброблення рафінадних голів
8276,Апаратник одержання клейового розчину
8276,Апаратник одержання сахарату кальцію
8276,Вибивальник рафінадних голів
8276,Клерувальник цукру
8276,Машиніст буртоукладальної машини
8276,Оператор виробничої дільниці
8276,Оператор головного пульта керування
8276,Оператор лінії у виробництві харчової продукції (виробництво цукру)
8276,Оператор пробовідбірної установки
8276,Оператор іонітової установки
8276,Пресувальник-віджимач харчової продукції (виробництво цукру)
8276,Пресувальник-формувальник харчової продукції (виробництво цукру)
8276,Роздільник рафінаду
8276,Розливальник утфелю
8276,Різальник буряків
8277,Віяльник чаю
8277,Машиніст фіксаційних машин
8277,Машиніст чаєзав'ялювальних машин
8277,Машиніст чаєзав'ялювально-фіксаційних машин
8277,Машиніст чаєскручувальних машин
8277,Машиніст чаєсушильних машин
8277,Оператор лінії для перероблення чаю
8277,"Оператор лінії у виробництві харчової продукції (перероблення чаю, кави, какао та шоколаду)"
8277,Оператор обжарювального апарата
8277,Оператор розпилювальної сушарки
8277,Пресувальник плиткового чаю
8277,"Пресувальник-віджимач харчової продукції (перероблення чаю, кави, какао та шоколаду)"
8277,"Пресувальник-формувальник харчової продукції (перероблення чаю, кави, какао та шоколаду)"
8277,Різальник харчової продукції
8277,Скиртувальник
8278,Апаратник виробництва медових напоїв та іншої продукції бджільництва
8278,Апаратник виробництва шампанського
8278,Апаратник вирощування дріжджів
8278,Апаратник з вироблення оцту
8278,Апаратник з оброблення та купажування оцту
8278,Апаратник коньячного виробництва
8278,Апаратник перегонки та ректифікації спирту
8278,Апаратник приготування живильних середовищ
8278,Апаратник процесу бродіння
8278,Апаратник упарювання
8278,Готувач живильних розчинів
8278,Готувач мелясного сусла
8278,Готувач морсу
8278,Готувач сухих пивних дріжджів
8278,Готувач шампанського
8278,Денатураторник спирту
8278,Каптажник
8278,Оброблювач винної сировини
8278,Оброблювач виноматеріалів та вина
8278,Оброблювач води
8278,Оброблювач відходів виноробства
8278,Оброблювач коньячних спиртів та коньяків
8278,Оброблювач сусла та соків
8278,Оброблювач технологічних місткостей і тари
8278,Оператор лінії у виробництві харчової продукції (виробництво напоїв)
8278,Пивовар
8278,Регулювальник полів фільтрації
8278,Солодовник
8279,Вальцювальник (тютюново-махоркове виробництво)
8279,Завантажувач-вивантажувач ферментаційних камер
8279,Зволожувальник махоркової сировини
8279,Зволожувальник тютюнової сировини
8279,Машиніст вібросит різальних машин
8279,Машиніст дробильних машин
8279,Машиніст лінії безперервної ферментації тютюну
8279,Машиніст лінії підготовки тютюну до ферментації
8279,Машиніст махорково-набивних машин
8279,Машиніст пневматичної установки
8279,Машиніст потоково-автоматизованих ліній перероблення тютюну
8279,Машиніст потоково-механізованих цигарково-сигаретних ліній та машин
8279,Машиніст тютюнорізальних машин
8279,Машиніст фільтроробних машин
8279,Машиніст-регулювальник
8279,Пресувальник махоркового пилу
8279,Пресувальник ряднини з-під тютюну
8279,Просівальник фарматури та відходів
8279,Розпушувач тютюну
8279,Розсівальник
8279,Розфасовувач нюхальної махорки та тютюну
8279,Розфасовувач тютюну
8279,Сушильник махоркової крихти
8279,Сушильник тютюну
8282,Ізолювальник (ізоляційні роботи)
8282,Бандажувальник
8282,Електродник ламельних акумуляторів та елементів
8282,Електродних безламельних акумуляторів та елементів
8282,Заготівник ізоляційних деталей
8282,Запресувальник гнотів
8282,Намотувальник електроізоляційних виробів
8282,Намотувальник котушок для електроприладів та апаратів
8282,Намотувальник котушок та секцій електромашин
8282,Намотувальник котушок трансформаторів
8282,Намотувальник секцій силових конденсаторів
8282,Обмотувальник елементів електричних машин
8282,Розтягальник секцій та котушок електричних машин
8282,Складальник електричних машин та апаратів
8282,Складальник електровимірювальних приладів
8282,Складальник електрокерамічних виробів
8282,Складальник лужних акумуляторів та батарей
8282,Складальник обмоток трансформаторів
8282,Складальник осердь трансформаторів
8282,Складальник потужнострумових конденсаторів
8282,Складальник ртутних випрямлячів
8282,"Складальник ртутно-цинкових, магнієвих та інших джерел струму"
8282,Складальник свинцевих акумуляторів та батарей
8282,Складальник струмообмежувальних реакторів
8282,Складальник трансформаторів
8282,Складальник-обробник котушок трансформаторів
8282,Скручувальник виробів кабельного виробництва
8282,Скручувальник-ізолювальник елементів кабелів зв'язку
8282,Скручувальник-ізолювальник жил та кабелю
8283,Заготівник газопоглинача
8283,Заготівник деталей електровакуумних приладів
8283,Заготівник хімічних напівфабрикатів
8283,Лаборант-рентгеноструктурник
8283,Навивальник магнітопроводів
8283,Наклеювач заготовок
8283,Намотувальник спіралей та сіток
8283,Складальник мікросхем
8283,Складальник напівпровідникових приладів
8283,Складальник п'єзорезонаторів та виробів на основі п'єзоелементів
8283,Складальник радіодеталей
8283,Складальник індикаторів
8283,Складальник-монтажник у виробництві кольорових кінескопів
8283,Слюсар-монтажник приладового устаткування
8283,Слюсар-складальник авіаційних приладів
8284,Ізолювальник світловодів
8284,Виробник шкал та сіток фотоспособом
8284,Герметизаторник
8284,Клеїльник ебонітових виробів
8284,Лаборант з оброблення аерофотоплівок
8284,Монтувальник шин
8284,Обробник гумових виробів
8284,Складальник безбандажних шин
8284,Складальник браслетів та брекетів
8284,Складальник виробів з пластмас
8284,Складальник виробів із склопластиків
8284,Складальник відновлюваних покришок
8284,Складальник гумових технічних виробів
8284,Складальник електроігор
8284,Складальник залізобетонних суден
8284,Складальник корпусів металевих суден
8284,Складальник пластмасових суден
8284,Складальник покришок
8284,Складальник шиннопневматичних муфт
8284,Складальник іграшок
8284,Складальник-добудовник судновий
8284,Складальник-клепальник
8284,Складальник-клеїльник конструкцій
8284,Слюсар-складальник виробів з органічного скла
8284,Стикувальник гумових виробів
8284,Стикувальник текстилю на пресі
8285,Набивальник виробів
8285,Складальник виробів з деревини
8285,Складальник дерев'яних суден
8285,Складальник деталей та виробів
8285,Складальник коркових виробів
8286,Монтажник апаратури спеціальних головних уборів
8286,Складальник виробів
8286,Складальник паперових виробів
8286,Укладальник виробів
8289,Складальник дерев'яних і пластмасових суден
8290,Автоматник на вузлов'язальних та навивальних автоматах та верстатах
8290,Аеродромний робітник
8290,Боєць (газорятівник)
8290,Вимірювач ємностей
8290,Випробувач металевих канатів та ланцюгів
8290,"Виробник металорукавів, гнучких валів та бронеспіралей"
8290,Виробник стрічок та металосіток
8290,Водій транспортно-прибиральної машини
8290,Газорятівник
8290,Зашивальник м'якої тари
8290,Зливальник-розливальник
8290,Зливальник-розливальник вибухонебезпечної продукції (спеціальні хімічні виробництва)
8290,Знімач-розкрійник металосіток
8290,Калібрувальник ланцюгів
8290,Каніліровник дроту
8290,Кардівник
8290,"Клеїльник паперу, картону й виробів з них"
8290,Маркувальник
8290,Маркувальник (спеціальні хімічні виробництва)
8290,Маркувальник деталей та приладів
8290,Машиніст ескалатора
8290,Машиніст з навивання канатів
8290,Машиніст зумпфового агрегата
8290,Машиніст машини для нанесення плівкоутворювальної рідини
8290,Машиніст машини для ізоляції газонафтопродуктопроводів
8290,Машиніст мийної установки
8290,Машиніст пакувальної машини
8290,Машиніст поворотної й підіймальної машин моста
8290,Машиніст піскоподавальної установки
8290,Машиніст розфасувально-пакувальних машин
8290,Машиніст сцени
8290,Машиніст установок з обслуговування рухомого складу
8290,Набивальник трубчастих електронагрівачів
8290,Навійник основи з дроту
8290,Оброблювач основи металосіток
8290,Оператор дефектоскопного візка
8290,Оператор електронно-обчислювальних та обчислювальних машин
8290,Оператор колійних вимірювань
8290,Оформлювач готової продукції
8290,Пакувальник електродів
8290,Пакувальник цементу
8290,Пресувальник електровугільних виробів
8290,Пробиральник основи металосіток
8290,Пробовідбірник
8290,Промивальник-пропарювач цистерн
8290,Підганяльник шунтів
8290,Редукувальник трубчастих електронагрівачів
8290,Розподілювач робіт
8290,Розтягальник металосіток
8290,Складальник склопакетів
8290,Складальник теплоізоляційних конструкцій
8290,Складальник хімапаратури та хімустаткування
8290,Слюсар-складальник радіоелектронної апаратури та приладів
8290,Слюсар-складальник спеціальної електро-радіоапаратури
8290,Сортувальник (пакувальник) теплоізоляційних виробів
8290,Сортувальник контейнерів
8290,Шліфувальник електровугільних виробів
8290,Штемпелювальник етикеток
8311,Водій дрезини
8311,Машиніст автомотриси
8311,Машиніст вагоповірочного вагона
8311,Машиніст дизель-поїзда
8311,Машиніст електровоза
8311,Машиніст електровоза металургійного цеху
8311,Машиніст електропоїзда
8311,Машиніст колійних машин
8311,Машиніст локомотива на поромах
8311,Машиніст мотовоза
8311,Машиніст незнімної дрезини
8311,Машиніст паровоза
8311,Машиніст тепловоза
8311,Машиніст тягового агрегата
8311,Машиніст-інструктор бригад спеціального самохідного рухомого складу
8311,Машиніст-інструктор локомотивних бригад
8311,Помічник машиніста електропоїзда
8312,Оператор поста централізації
8312,Оператор сортувальної гірки
8312,Приймальник поїздів
8312,Регулювальник швидкості руху вагонів
8312,Сигналіст
8312,Складач поїздів
8312,Черговий по переїзду
8312,Черговий стрілочного поста
8319,Машиніст рухомого складу на електротязі
8321,Водій аеросаней
8321,Водій мототранспортних засобів
8321,Контролер технічного стану колісних транспортних засобів
8322,Водій автотранспортних засобів
8322,Водій автотранспортних засобів (водій таксі)
8323,Водій трамвая
8323,Водій тролейбуса
8323,Приймальник трамваїв та тролейбусів
8331,Водій всюдихода
8331,Контролер технічного стану автомототранспортних засобів (сільсько- та лісогосподарські установки)
8331,Лебідник на лісозаготівлях
8331,Майстер-налагоджувальник з технічного обслуговування машинно-тракторного парку
8331,Машиніст дражувальних машин
8331,Машиніст калібрувальних машин
8331,Машиніст лісозаготівельної машини
8331,Машиніст машин для заготівлі очерету
8331,Машиніст насіннєочисних машин
8331,Машиніст насіннєшліфувальних машин
8331,Машиніст-кранівник
8331,Машиніст-оператор дощувальних машин та агрегатів
8331,Оператор лінії замочування насіння
8331,Оператор лінії протравлювання насіння
8331,Оператор лісозаготівельного устаткування
8331,Тракторист
8331,Тракторист (лісозаготівельні роботи)
8331,Тракторист-машиніст сільськогосподарського (лісогосподарського) виробництва
8331,Трелювальник
8332,Асфальтобетонник
8332,Дорожній робітник
8332,Контролер технічного стану автомототранспортних засобів (установки для виконання земляних та подібних робіт)
8332,Копрівник
8332,Машиніст автобетонолома
8332,Машиніст автобетононасоса
8332,Машиніст автогрейдера
8332,Машиніст автогудронатора
8332,Машиніст автоямобура
8332,Машиніст агрегата безповітряного розпилення високого тиску
8332,Машиніст барової установки
8332,Машиніст бетонозмішувача пересувного
8332,Машиніст бетононасосної установки
8332,Машиніст бетоноукладача
8332,Машиніст бульдозера (будівельні роботи)
8332,Машиніст бурильно-кранової самохідної машини
8332,Машиніст бурової установки (будівельні роботи)
8332,Машиніст бітумоплавильної пересувної установки
8332,Машиніст вібровдавлювального занурювача паль самохідного
8332,Машиніст віброзанурювача безкопрового
8332,Машиніст грейдер-елеватора
8332,Машиніст грейдера причіпного
8332,Машиніст гідромоніторно-ежекторного плавучого несамохідного снаряда
8332,Машиніст гідросівалки самохідної
8332,Машиніст дизель-молота безкопрового
8332,Машиніст дорожньо-транспортних машин
8332,Машиніст дренажної машини
8332,Машиніст екскаватора одноковшового
8332,Машиніст екскаватора роторного
8332,Машиніст електричного устаткування землесосних плавучих несамохідних снарядів та ґрунтонасосних установок
8332,Машиніст залізнично-будівельних машин
8332,Машиніст землерийно-фрезерної самохідної машини
8332,Машиніст землесосного плавучого несамохідного снаряда
8332,Машиніст колієпересувача
8332,Машиніст копра
8332,Машиніст котка самохідного з рівними вальцями
8332,Машиніст котка самохідного та напівпричіпного на пневматичних шинах
8332,Машиніст крана автомобільного
8332,Машиніст льодорізної машини
8332,Машиніст маркірувальної машини для розмічання автомобільних доріг
8332,Машиніст машини для влаштування укріплювальних смуг
8332,Машиніст машини для влаштування швів під час виконання дорожніх робіт
8332,Машиніст механічного устаткування землесосних плавучих несамохідних снарядів та ґрунтонасосних установок
8332,Машиніст нарізувача швів самохідного
8332,Машиніст профілювальника
8332,"Машиніст скрепера (будівельні, монтажні та ремонтно-будівельні роботи)"
8332,Машиніст скрепера (скреперист)
8332,Машиніст термічної установки для розігріву асфальтобетонного покриття
8332,Машиніст трубоочисної машини
8332,Машиніст трубоукладача
8332,Машиніст укладача асфальтобетону
8332,Машиніст установки для продавлювання та горизонтального буріння ґрунту
8332,Машиніст ущільнювальної та планувально-ущільнювальної машини
8332,Машиніст фінішера
8332,Машиніст-оператор навантажувальної машини (будівельні роботи)
8332,Робітник карти намиву
8332,Річковий робітник на експлуатації та обслуговуванні несамохідних плавучих снарядів та інших плавучих засобів
8333,Вагонетник повітряно-канатної дороги
8333,Лебідник
8333,Ліфтер
8333,Машиніст автовишки та автогідропідіймача
8333,Машиніст автокомпресора
8333,Машиніст автомобілерозвантажувача
8333,Машиніст автопідіймача (автодрабини) пожежного пересувного
8333,Машиніст вагоноперекидача
8333,Машиніст вантажного причалу
8333,Машиніст електролебідки
8333,Машиніст колієремонтної летючки
8333,Машиніст крана (кранівник)
8333,Машиніст крана металургійного виробництва
8333,Машиніст механізованого натяжного пристрою для виготовлення напружно-армованих конструкцій
8333,Машиніст механізованого устаткування для підіймання рухомої (ковзної) опалубки
8333,Машиніст насосних установок пожежно-рятувального транспортного засобу
8333,Машиніст перевантажувачів
8333,Машиніст повітряно-канатної дороги
8333,Машиніст підземних установок
8333,Машиніст підіймально-пересувних риштувань
8333,Машиніст підіймальної машини
8333,Машиніст підіймача
8333,Машиніст підіймача вантажно-пасажирського будівельного
8333,"Машиніст підіймача щоглового, стоякового й шахтового"
8333,Машиніст скреперної лебідки
8333,Машиніст штабелеформувальної машини
8333,Машиніст штирьового крана
8333,Механізатор (докер-механізатор) комплексної бригади на навантажувально-розвантажувальних роботах
8333,Моторист механічної лопати
8333,Моторист поворотного круга
8333,Моторист транспортувальних механізмів
8333,Оператор механізованих та автоматизованих складів
8333,Транспортувальник (обслуговування механізмів)
8333,Тунельник-моторист скіпового підіймача
8334,Водій електро- та автовізка
8334,Водій навантажувача
8334,Водій самохідних механізмів
8334,Машиніст телескопічних трапів
8339,"Майстер з експлуатації, ремонту та обслуговування сільськогосподарської техніки"
8339,Машиніст дорожньо-будівельних машин
8339,Машиніст землерийно-будівельних машин
8339,Машиніст насіннєобробних машин
8339,Машиніст підіймально-транспортних машин
8339,Машиніст підіймача будівельний
8340,Береговий боцман
8340,Береговий матрос
8340,Береговий робітник
8340,Боцман
8340,"Боцман судна змішаного плавання ""ріка-море"" (боцман-моторист, боцман-електрозварник)"
8340,Бригадир поста судноплавної обстановки
8340,Бригадир розвідувальної руслової партії
8340,Вакуумник
8340,Днювальний
8340,Доглядач вогнів
8340,Доглядач маяка
8340,Електрорадіонавігатор
8340,Камбузник
8340,Кочегар судна
8340,Крановий електрик
8340,Ліквідатор розливів нафти та нафтопродуктів у морі
8340,Матрос
8340,Матрос пожежний
8340,Матрос тралової команди
8340,Матрос трюмний
8340,Матрос-рятувальник
8340,Машиніст котельної установки
8340,Машиніст помповий (донкерман)
8340,Машиніст рибоборошняної установки
8340,Механік малотоннажного судна
8340,Моторист (машиніст)
8340,Моторист з ремонту та обслуговування суднових технічних засобів та електроустаткування (моторист-електрик)
8340,Моторист самостійного керування судновим двигуном
8340,Моторист трюмовий
8340,Моторист-матрос
8340,Моторист-оператор (судновий)
8340,Моторист-стерновий (керманич)
8340,Оператор спеціальних пристроїв земснарядів
8340,Польовий (шляховий) робітник розвідувальної руслової партії
8340,Помічник механіка
8340,Постовий робітник судноплавної обстановки
8340,Підшкіпер
8340,Роз'їзний робітник обстановочної бригади
8340,Сигнальник боновий
8340,Стерновий (керманич)
8340,Судноводій маломірного моторного судна
8340,Судноводій малотоннажного судна
8340,Шляховий робітник тральної бригади
8990,Бригадир на дільницях основного виробництва (інші виробництва)
9120,Розклеювач оголошень
9120,Чистильник взуття
9131,Натирач підлоги
9132,Каштелян
9132,Кубівник
9132,Кухонний робітник
9132,Мийник посуду
9132,Монтувальник сцени
9132,Прибиральник виробничих приміщень
9132,Прибиральник службових приміщень
9132,Робітник з надання послуг у сфері сільського туризму
9132,Уніформіст
9133,Готувач білизни для прасування
9133,Комплектувальник білизни
9133,Прасувальник
9133,Робітник виробничих лазень
9133,Робітник з обслуговування лазні
9141,Доглядач
9141,Консьєрж
9141,Опалювач
9141,Черговий по гуртожитку
9141,"Черговий по кімнаті відпочинку (водіїв автомобілів, пасажирів)"
9141,Черговий по кімнаті матері та дитини
9142,Дезінфектор
9142,Мийник літальних апаратів
9142,Мийник-прибиральник рухомого складу
9142,Склопротиральник
9151,Кур'єр
9151,Носій
9151,Постачальник замовлень
9151,Постачальник поїзних документів
9152,Гардеробник
9152,Контролер автоматичних пропускних пунктів метрополітену
9152,Музейний доглядач
9152,Сторож
9152,Черговий біля ескалатора
9152,Швейцар
9153,"Збиральник грошей (торговельні автомати, турнікети)"
9153,Контролер енергонагляду
9161,Машиніст прибиральних машин
9161,Прибиральник сміттєпроводів
9161,Приймальник побутових відходів
9161,Робітник з благоустрою
9162,Двірник
9162,Прибиральник територій
9162,Робітник з комплексного прибирання та утримання будинків з прилеглими територіями
9211,Замірник
9211,Препаратор (ветеринарна медицина)
9211,Робітник плодоовочевого сховища
9212,Випалювач деревного вугілля
9212,Возій продукції лісу
9212,Заготівельник банних віників
9212,Заготівник (лісозаготівельні роботи)
9212,Заготівник очерету
9212,Збирач живиці
9212,Об'їжджувач
9213,Ловець бездоглядних тварин
9213,Рибалка кефального господарства
9213,Розвідник об'єктів природи для колекцій
9311,Автоклавник на запарюванні брикетів
9311,Апаратник згущувачів
9311,Апаратник солезбагачувальної установки
9311,Вибірник-укладальник каменя
9311,Вивантажувач гарячого агломерату
9311,Вивантажувач миш'яку
9311,Вивантажувач на відвалах
9311,Вивантажувач пилу
9311,Газомірник
9311,Готувач бурового розчину
9311,Готувач реактивної води
9311,Грохотник-шурувальник
9311,Гірник
9311,"Гірник біля екскаваторів, відвальних мостів і відвалоутворювачів"
9311,Гірник розрізу
9311,Дренажист з видобутку мірабіліту
9311,Завантажувач
9311,Завантажувач-вивантажувач вагранок і печей
9311,Заготівник слюди
9311,Замірник дебітів свердловин
9311,Знімач брикетів
9311,Калібрувальник скловиробів
9311,Калібрувальник слюди (оброблення слюди)
9311,Канавник (видобуток торфу)
9311,Кар'єрник
9311,Класифікаторник слюди
9311,Колій слюди
9311,Контролер вуглеприймання
9311,Контролер продукції збагачення
9311,Контролер суспензії
9311,Корчувальник
9311,Лаборант-колектор
9311,Матрос драги
9311,Машиніст живильника
9311,Машиніст з обслуговування силосів та вугільної башти
9311,Машиніст змішувальної установки гідрозакладки
9311,Машиніст мішалок
9311,Машиніст опудрювуча обкотишів
9311,Машиніст перекидного жолоба
9311,Машиніст розморожувальної установки
9311,Машиніст сортувалки
9311,Машиніст установки з оброблення транспортних засобів
9311,Наваловідбійник
9311,Обпилювач каменю
9311,Перекидальник
9311,Посипальник слюдою
9311,Постачальник кріпильних матеріалів у шахту
9311,Приймальник руди та азбесту
9311,Пробуторник малолітражної драги
9311,Провідник на геологічних пошуках і зйомці
9311,Робітник на геологічних роботах
9311,Робітник на геофізичних роботах
9311,Робітник протилавинного захисту
9311,Роздавальник вибухових матеріалів
9311,Розчиняльник реагентів
9311,Різальник електроізоляційних матеріалів
9311,Різальник слюди
9311,Різальник траншей
9311,Сортувальник (збагачення)
9311,Сортувальник сировини та виробів із слюди
9311,Стрічковий прибиральник
9311,Сульфатник
9311,Торфоробітник
9311,Цементаторник гідромідьустановки
9311,Шлюзівник
9311,Шліфувальник мікалексу
9311,Шліхівник
9312,Дренажник
9321,Армувальник кабельних виробів
9321,В'язальник прутків та дроту
9321,Виготовлювач фольгованих склоплит
9321,Виробник абразивних пилок
9321,"Вставник деталей, виробів та фурнітури"
9321,Доводжувач вугільних шайб
9321,Заготівник (електронна техніка)
9321,Заготівник клапанів
9321,Збирач коркового пилу
9321,Клеїльник-обпресувальник
9321,Комплектувальник проводів
9321,Комплектувальник туб
9321,Конопатник електрощіткового виробництва
9321,Монтажник
9321,Монтувальник вентилів
9321,Монтувальник склометалізованої нитки
9321,Монтувальник шиннопневматичних муфт
9321,Монтувальник штучних зубів
9321,Намотувальник електромагнітних осердь
9321,Намотувальник резисторів
9321,Намотувальник секцій конденсаторів
9321,Обв'язувальник агломератів
9321,Обв'язувальник електровугільних виробів
9321,Обклеювач батарей
9321,Перемотувальник
9321,Підбирач скла
9321,Складальник азбестометалевих листів
9321,Складальник балонів
9321,Складальник випрямлячів
9321,Складальник вологопоглиначів
9321,Складальник волокнистоцементних виробів
9321,Складальник гальванічних елементів та батарей
9321,Складальник електровугільного виробництва
9321,Складальник каркасів у виробництві гіпсобетонних панелей
9321,Складальник кварцових тримачів
9321,Складальник металевих щіток
9321,Складальник пакетів конденсаторів
9321,Складальник пластин штучної шкіри
9321,Складальник скловиробів
9321,Складальник стрічок
9321,Складальник термосів
9321,Складальник шайб
9321,Складальник шприців
9321,Складальник штемпелів
9321,Складальник щілинних сит
9321,Складальник ін'єкційних голок
9321,Склеювач п'єзоелементів
9321,Сортувальник електровугільних виробів
9321,Сортувальник електроізоляційних матеріалів
9321,Чистильник електровугільних виробів
9322,Аерографіст (виробництво скла та скловиробів)
9322,Аерографіст (поліграфічне виробництво)
9322,Арматурник язичкових інструментів
9322,Ароматизаторник
9322,Бондар-закупорювач (виробництво поліграфічних фарб)
9322,Білувальник сировини
9322,Вагар-обліковець
9322,Вакуумник термосних колб
9322,Вальцювальник голок
9322,Вальцювальник керамічної плівки
9322,Верстатник клеєнаносного верстата
9322,Вибивальник відливок
9322,Вибивальник м'якої тари
9322,Вибірник
9322,Вигрібальник костриці
9322,Вигрібальник пачосів
9322,Випалювач іграшок
9322,Випробувач кабелів та спеціальної апаратури
9322,Випробувач паперових мішків
9322,Випробувач проводів та кабелів
9322,Виробник блоків та панелей з цегли
9322,Виробник бужів та катетерів
9322,Виробник глазурованих фруктів
9322,Виробник каркасів
9322,Виробник лайки
9322,Виробник очеретяних матів
9322,Виробник пульпоекстракторів
9322,Виробник підборів та гужиків
9322,Виробник реміз
9322,Виробник сигар
9322,Виробник скловарних керамічних ємностей
9322,Виробник шкіропом'якшувача
9322,Вистилальник шкіряно-хутряної сировини та голини
9322,Відкладник виробів в опічки
9322,Відмітчик ареометрів
9322,Галтувальник голково-платинних виробів
9322,Галтувальник метизної продукції
9322,Глазурувальник морозива та сирків
9322,Годувальник
9322,Готувач водоростевого порошку та крупки
9322,Готувач волокна
9322,Готувач набивальних та настильних матеріалів
9322,Готувач нюхальної махорки та тютюну
9322,Готувач розкрійних карт
9322,Готувач суміші плавленого сиру
9322,Готувач сіткоматеріалів
9322,Готувач харчової сировини
9322,Готувач харчової сировини та матеріалів
9322,Гофрувальник міхових камер
9322,Гідропіскоструминник
9322,Гільйоширник (виробництво скла та скловиробів)
9322,Гіпсувальник
9322,Дозувальник ртуті
9322,Дозувальник харчової продукції
9322,Екіпірувальник
9322,Електромонтер з ескізування трас ліній електропередачі
9322,Електромонтер з нагляду за трасами кабельних мереж
9322,Жилувальник м'яса та субпродуктів
9322,Завантажувач касет
9322,Заварник ізоляторів
9322,Заготівник бітуму
9322,Заготівник карт та пакувальних матеріалів
9322,Заготівник лимарно-сідельних виробів
9322,Заготівник матеріалу та деталей іграшок
9322,Заготівник матеріалів для пресування та обробки іграшок
9322,Заготівник паперових пакетів
9322,Заготівник радіотакелажу та електрорадіоелементів
9322,Заливальник голково-платинних виробів
9322,Заливальник голосових планок
9322,Запаювальник колб та посудин
9322,Запаювальник фарфорових труб
9322,Запресувальник голок
9322,Засолювач овочів
9322,Заточувальник голково-платинних виробів
9322,Заточувальник контактної пружини
9322,Збирач ендокринно-ферментної сировини
9322,Збирач мокрих відходів
9322,Здавач готової продукції
9322,Землероб
9322,Знімач байки
9322,Знімач виробів
9322,Знімач гарячих виробів
9322,Знімач клею
9322,Знімач лимарно-сідельних виробів
9322,Знімач сирової тканини
9322,Знімач скла й скловиробів
9322,Знімач сукальних рукавів
9322,Знімач шовку-сирцю
9322,Калібрувальник електровугільних виробів
9322,Калібрувальник слюди (електронне виробництво)
9322,Класифікаторник крокусу та наждаку
9322,Клеїльник (виробництво виробів з паперу та картону)
9322,Клеїльник виробів з металу
9322,Колекціонер зразків тканин
9322,"Комплектувальник виробів, напівфабрикатів та матеріалів"
9322,Комплектувальник деталей іграшок
9322,Комплектувальник п'єзотехнічних виробів
9322,Комплектувальник скла та скловиробів
9322,Комплектувальник форм
9322,Комплектувальник шрифтової продукції
9322,Консервувальник устаткування та металовиробів
9322,Контролер стінових та в'яжучих матеріалів
9322,Копіювальник
9322,Крутильник
9322,Лаглінник
9322,Лакувальник глобусів
9322,Лакувальник форм
9322,Лампівник
9322,Ланцюговиробник
9322,Лудильник деталей приладів гарячим способом
9322,Ліпник електрокерамічних виробів
9322,Мастильник
9322,Монтажник селенових випрямлячів
9322,Монтувальник виробів з каменю
9322,Монтувальник муляжів та моделей
9322,Монтувальник сухих біологічних об'єктів
9322,Монтувальник технологічних колекцій
9322,Мотальник
9322,Моторист трієра
9322,Моторист-мастильник
9322,Набивальник валків та фільтрів
9322,Набивальник відходів
9322,Навивальник основ
9322,Навивальник пружин
9322,Навішувач заготовок
9322,Навішувач скла
9322,Накатник полірувальних кругів
9322,Наклеювач вставок для ювелірних та художніх виробів
9322,Наклеювач орнаменту на багет
9322,Намазувальник целулоїду
9322,Намотувальник утоку
9322,Намотувальник іглиць
9322,Нарізувач виробів із кістки та рогу
9322,Настелювач матеріалів
9322,Нумерувальник
9322,Обкатувальник журавлини
9322,Обклеювач виробів з бересту
9322,Обмазувальник заслонів
9322,Обмазувальник ковшів
9322,Обпилювач форм та металу сірчаним порошком
9322,Обплавлювач скла
9322,Оброблювач волокна
9322,"Оброблювач волосу, вовни та щетини"
9322,Оброблювач ковбасних виробів
9322,Оброблювач м'ясних туш
9322,Оброблювач морепродуктів
9322,Оброблювач перламутру
9322,Оброблювач підошов
9322,Оброблювач рогів
9322,Оброблювач склоблоків
9322,Оброблювач триплексу та склопакетів
9322,Оброблювач хутряних шкурок
9322,Обробник виробів (лимарно-сідельне виробництво)
9322,Обробник волокна (виробництво текстильної галантереї)
9322,Обробник деталей іграшок
9322,Обробник матеріалів та готових виробів
9322,Обрізувач матеріалів
9322,Обсипальник кондитерських виробів
9322,Овоскопувальник яєць
9322,Окантувальник фотовідбитків
9322,Оконтурувальник оригіналів
9322,Опалювач на карусельній машині
9322,Оператор камери фарбування акустичних плит
9322,Оператор стенда для обігравання клавішних інструментів
9322,Оператор-намазувальник
9322,Оформлювач колекцій
9322,Пакувальник стосів
9322,Пакувальник-цементувальник
9322,Парафінувальник керамічних та фарфорових виробів
9322,Парафінувальник художніх виробів
9322,Паяльщик радіодеталей
9322,Перебивач друку та малюнків
9322,Перебивач малюнків
9322,Перетягальник рукавичкової шкіри
9322,Повертальник
9322,Полірувальник голок
9322,Полірувальник формних циліндрів глибокого друкування
9322,Полірувальник шкір
9322,Порціоніст лао-ча
9322,Посадчик ременів
9322,Пошивник технічних виробів
9322,Правильник рогових пластин
9322,Пресувальник виробів із рогового порошку
9322,Пресувальник рибного борошна
9322,Пресувальник скла
9322,Прибиральник відходів металургійного виробництва
9322,Прибиральник гарячого металу
9322,Прибиральник у ливарних цехах
9322,Прибиральник шлаку та оборотних матеріалів
9322,"Приймальник матеріалів, напівфабрикатів та готових виробів (легка промисловість)"
9322,"Приймальник матеріалів, напівфабрикатів та готових виробів (швацьке виробництво)"
9322,Приймальник-відправник
9322,Приймальник-роздавальник золотовмісних препаратів
9322,Притиральник скловиробів
9322,Пробиральник
9322,Пров'язувальник мотків
9322,Прокатник куль
9322,Промивальник діамантів та алмазів
9322,Промивальник каменів
9322,Промінник
9322,Пропарювач лао-ча
9322,Просочувальник олівцевих дощечок
9322,Протиральник годинникових скелець
9322,Протиральник електровакуумних приладів
9322,Пудрівник
9322,Пульфонник
9322,Підбирач аврових основ
9322,Підбирач деталей та виробів на потік
9322,Підганяльник котушок
9322,"Підношувач сировини, напівфабрикатів, хімічних матеріалів та відходів виробництва у сировинних, дубильно-фарбувальних та формалінових цехах"
9322,"Підношувач сировини, напівфабрикатів, хімічних матеріалів, відходів виробництва у відмочувально-зольних, дубильно-фарбувальних і жирувальних цехах"
9322,Підсобний робітник
9322,Раймівник дистиляційних печей
9322,Редукувальник голок
9322,Ремонтувальник респіраторів та протигазів
9322,Ремонтувальник сітковиробів
9322,Ремонтувальник шпуль
9322,Реставратор готової продукції
9322,Рихтувальник голково-платинних виробів
9322,Робітник з подавання хімікатів
9322,Розбирач субпродуктів
9322,Розв'язувальник
9322,Розвальцювальник скла
9322,Роздільник брухту та відходів металу
9322,Розкладач листового тютюну
9322,Розкладач скловолокна
9322,Розколювач блоків
9322,Розкрійник бересту
9322,Розмелювач рогової стружки
9322,Розмітник скла
9322,Розпакувальник сировини
9322,Розпилювач водорозчинних кристалів
9322,Розпилювач газопоглинача
9322,Розфасовувач алмазів та алмазних порошків
9322,Розфасовувач вати
9322,Розчісувальник хутряних шкурок
9322,Розшліфувальник фільєрів
9322,Різальник галерти
9322,Різальник гіпсокартонних листів
9322,Різальник декалькоманій
9322,Різальник конвертів
9322,Різальник на вогні
9322,Різальник пряжі
9322,Різальник радіокераміки та феритів
9322,Різальник скловиробів
9322,Різальник скловолокнистих та склопластикових матеріалів
9322,Різальник цегли та черепиці
9322,Різьбонарізувач деталей годинників
9322,Свердлувальник запалювальних пластин кварцу
9322,Складальник (складування)
9322,Складальник блока з посклених стрижнів
9322,Складальник ворсувальних рамок
9322,Складальник голково-платинних виробів
9322,Складальник деталей годинників і каменів
9322,Складальник зубців та петель
9322,Складальник керамічних плиток у килими
9322,Складальник реміз
9322,Складальник цін
9322,"Склеювач керамічних, фарфорових та фаянсових виробів"
9322,Склеювач технічних каменів
9322,Склеювач-фарбувальник окулярних оправ із пластмас
9322,Сортувальник відливок
9322,Сортувальник голково-платинних виробів
9322,Сортувальник кісток
9322,Сортувальник рогу та кістки
9322,Сортувальник сигарного листа
9322,Сортувальник тютюнових виробів
9322,Сортувальник-складальник брухту та відходів металу
9322,Станційний робітник
9322,Сушильник жерсті
9322,Сушильник рослин
9322,Сушильник сировини та матеріалів
9322,Сушильник скловиробів
9322,"Сушильник стрижнів, форм та формувальних матеріалів"
9322,Тасьмовик
9322,Торочківник
9322,Точильник головок
9322,Точильник кардної гарнітури
9322,Травильник фарфорових та фаянсових виробів
9322,Транспортувальник у ливарному виробництві
9322,Транспортувальник шихти
9322,Тренувальник радіодеталей
9322,Трубник на солекомбайні
9322,Укладальник деталей та виробів
9322,Укладальник продуктів консервування
9322,Укладальник прокату
9322,Укладальник хлібобулочних виробів
9322,Укладальник-вибиральник мокрого товару та пряжі ручним способом
9322,Укладальник-пакувальник
9322,Укладач вагонних партій тютюну
9322,Установник алмазів
9322,Ущільнювач припою
9322,Фарбувальник волосу
9322,Фарбувальник дзеркал
9322,Фарбувальник сиропу
9322,Фарбувальник іграшок
9322,Формотримач
9322,Формувальник деталей із скла
9322,Формувальник роздільних та декоративних шарів
9322,Фотодрукар на емалі
9322,Центрувальник скляних колб
9322,"Чистильник виробів, напівфабрикатів та матеріалів"
9322,Чистильник коконового здиру
9322,Чистильник хутряних шкурок бензином
9322,Чистильник шпуль
9322,Шліфувальник літоофсетних форм
9322,Шпаклювальник
9322,Штабелювальник електродів
9322,Штенгелювальник
9322,Ґрунтувальник художніх виробів з дерева
9322,Ґрунтувальник щіткових виробів
9332,Возій
9332,Візник
9332,Конюх
9333,Вантажник
9333,Вантажник біовідходів
9333,Приймальник товарів
9411,Вагар
